key,safety_critical,english,hindi,santali_provisional,review_status,voice_file,voice_status,santali_text_sha12
title.fire_explosion,no,Fire & Explosion,आग और विस्फोट,ᱥᱮᱸᱜᱮᱞ ᱟᱨ ᱵᱤᱥᱯᱷᱚᱴ,native-review-required,,,
title.gas_confined,no,Gas Leak & Confined Space,गैस रिसाव और सीमित स्थान,ᱜᱮᱥ ᱞᱤᱠ ᱟᱨ ᱵᱚᱸᱫ ᱡᱟᱭᱜᱟ,native-review-required,,,
alerts.assignment,no,Assigned · {module},सौंपा गया · {module},ᱮᱢ ᱟᱠᱟᱱᱟ · {module},native-review-required,,,
alerts.assignmentText,no,Due {date},{date} तक,{date} ᱦᱟᱹᱵᱤᱡ,native-review-required,,,
alerts.expiring,no,Certificate expires {date},प्रमाणपत्र {date} को समाप्त होगा,ᱥᱟᱹᱴᱤᱯᱷᱤᱠᱮᱴ {date} ᱢᱟᱦᱟᱸ ᱢᱩᱪᱟᱹᱫᱚᱜᱼᱟ,native-review-required,,,
alerts.none,no,You're all caught up,सब ठीक है,ᱡᱚᱛᱚ ᱴᱷᱤᱠ ᱜᱮᱭᱟ,native-review-required,,,
alerts.noneText,no,Training reminders will appear here.,प्रशिक्षण की याद यहाँ दिखेगी।,ᱴᱨᱮᱱᱤᱝ ᱩᱭᱦᱟᱹᱨ ᱠᱷᱚᱵᱚᱨ ᱱᱚᱸᱰᱮ ᱧᱮᱞᱚᱜᱼᱟ᱾,native-review-required,,,
alerts.notStarted,no,{module} not started,{module} शुरू नहीं हुआ,{module} ᱵᱟᱝ ᱮᱦᱚᱵ ᱟᱠᱟᱱᱟ,native-review-required,,,
alerts.notStartedText,no,Complete it to earn zone clearance.,ज़ोन अनुमति के लिए इसे पूरा करें।,ᱡᱚᱱ ᱦᱩᱠᱩᱢ ᱞᱟᱹᱜᱤᱫ ᱱᱚᱶᱟ ᱯᱩᱨᱟᱹᱣ ᱢᱮ᱾,native-review-required,,,
alerts.ppe,no,PPE self-check not done today,आज PPE स्व-जाँच नहीं हुई,ᱛᱮᱦᱮᱧ PPE ᱟᱡ ᱡᱟᱺᱪ ᱵᱟᱝ ᱦᱩᱭ ᱟᱠᱟᱱᱟ,native-review-required,,,
alerts.refresher,no,Refresher due · {module},रिफ्रेशर देय · {module},ᱨᱤᱯᱷᱨᱮᱥᱚᱨ ᱵᱟᱠᱤ · {module},native-review-required,,,
alerts.refresherText,no,Your last training was {days} day(s) ago.,आपका पिछला प्रशिक्षण {days} दिन पहले हुआ था।,ᱟᱢᱟᱜ ᱢᱟᱲᱟᱝ ᱴᱨᱮᱱᱤᱝ {days} ᱢᱟᱦᱟᱸ ᱞᱟᱦᱟᱨᱮ ᱦᱩᱭ ᱞᱮᱱᱟ᱾,native-review-required,,,
alerts.title,no,Notifications,सूचनाएँ,ᱠᱷᱚᱵᱚᱨ,native-review-required,,,
app.name,no,Suraksha Drishti,सुरक्षा दृष्टि,ᱥᱩᱨᱚᱠᱥᱟ ᱫᱽᱨᱤᱥᱴᱤ,native-review-required,,,
app.tagline,no,SurakshaAR · Industrial safety training,SurakshaAR · औद्योगिक सुरक्षा प्रशिक्षण,SurakshaAR · ᱠᱟᱹᱢᱤ ᱡᱟᱭᱜᱟ ᱨᱩᱠᱷᱤᱭᱟᱹ ᱴᱨᱮᱱᱤᱝ,native-review-required,,,
ar.autoPlaceIn,yes,No floor found yet. Placing automatically in {s} s…,अभी फ़र्श नहीं मिला। {s} सेकंड में अपने आप रखा जाएगा…,ᱱᱤᱛᱚᱜ ᱦᱟᱹᱵᱤᱡ ᱚᱛ ᱵᱟᱝ ᱧᱟᱢ ᱮᱱᱟ᱾ {s} ᱥᱮᱠᱮᱱᱰ ᱨᱮ ᱟᱡ ᱛᱮᱜᱮ ᱫᱚᱦᱚᱜᱼᱟ…,native-review-required,,,
ar.back,yes,Back to app,ऐप पर लौटें,ᱮᱯ ᱥᱮᱫ ᱨᱩᱣᱟᱹᱲ ᱢᱮ,native-review-required,,,
ar.complete,yes,Training complete,प्रशिक्षण पूरा हुआ,ᱴᱨᱮᱱᱤᱝ ᱯᱩᱨᱟᱹᱣ ᱮᱱᱟ,native-review-required,audio/sat/common/sat_ar_complete.ogg,recording-pending,d844715547b2
ar.err.badParams,yes,Unknown training module or language. Returning to the app.,अज्ञात प्रशिक्षण मॉड्यूल या भाषा। ऐप पर लौट रहे हैं।,ᱵᱟᱝ ᱵᱟᱰᱟᱭ ᱴᱨᱮᱱᱤᱝ ᱢᱳᱰᱭᱩᱞ ᱥᱮ ᱯᱟᱹᱨᱥᱤ᱾ ᱮᱯ ᱥᱮᱫ ᱨᱩᱣᱟᱹᱲ ᱠᱟᱱᱟ᱾,native-review-required,,,
ar.err.cameraDenied,yes,"Camera permission is needed for AR training. Allow Camera for this app in Settings, then try again.",AR प्रशिक्षण के लिए कैमरा अनुमति ज़रूरी है। सेटिंग्स में इस ऐप को कैमरा की अनुमति दें और फिर प्रयास करें।,AR ᱴᱨᱮᱱᱤᱝ ᱞᱟᱹᱜᱤᱫ ᱠᱮᱢᱮᱨᱟ ᱦᱩᱠᱩᱢ ᱞᱟᱹᱠᱛᱤᱭᱟ᱾ ᱥᱮᱴᱤᱝ ᱨᱮ ᱱᱚᱶᱟ ᱮᱯ ᱞᱟᱹᱜᱤᱫ ᱠᱮᱢᱮᱨᱟ ᱦᱩᱠᱩᱢ ᱮᱢ ᱠᱟᱛᱮ ᱫᱚᱦᱲᱟ ᱪᱮᱥᱴᱟᱭ ᱢᱮ᱾,native-review-required,,,
ar.err.content,yes,Training content could not be loaded.,प्रशिक्षण सामग्री लोड नहीं हो सकी।,ᱴᱨᱮᱱᱤᱝ ᱥᱟᱢᱜᱽᱨᱤ ᱵᱟᱝ ᱞᱳᱰ ᱫᱟᱲᱮᱭᱟᱜ ᱠᱟᱱᱟ᱾,native-review-required,,,
ar.err.unsupported,yes,This phone cannot run AR (ARCore). You can train on the phone screen instead.,यह फ़ोन AR (ARCore) नहीं चला सकता। आप फ़ोन स्क्रीन पर प्रशिक्षण ले सकते हैं।,ᱱᱚᱶᱟ ᱯᱷᱚᱱ AR (ARCore) ᱵᱟᱝ ᱪᱟᱞᱟᱣ ᱫᱟᱲᱮᱭᱟᱜᱼᱟ᱾ ᱯᱷᱚᱱ ᱥᱠᱨᱤᱱ ᱨᱮ ᱴᱨᱮᱱᱤᱝ ᱫᱟᱲᱮᱭᱟᱜᱼᱟᱢ᱾,native-review-required,,,
ar.exit,yes,Exit,बाहर निकलें,ᱵᱟᱦᱨᱮ ᱚᱰᱚᱠ ᱢᱮ,native-review-required,,,
ar.finish,yes,Finish,समाप्त करें,ᱢᱩᱪᱟᱹᱫ ᱢᱮ,native-review-required,,,
ar.lookAhead,yes,The training area is in front of you. Look ahead.,प्रशिक्षण क्षेत्र आपके सामने है। सामने देखें।,ᱴᱨᱮᱱᱤᱝ ᱡᱟᱭᱜᱟ ᱟᱢᱟᱜ ᱥᱟᱢᱟᱝ ᱨᱮ ᱢᱮᱱᱟᱜᱼᱟ᱾ ᱥᱟᱢᱟᱝ ᱧᱮᱞ ᱢᱮ᱾,native-review-required,,,
ar.moveHint,yes,Tap the floor to move the training area.,प्रशिक्षण क्षेत्र हटाने के लिए फ़र्श को छुएँ।,ᱴᱨᱮᱱᱤᱝ ᱡᱟᱭᱜᱟ ᱮᱴᱟᱜ ᱥᱮᱫ ᱫᱚᱦᱚ ᱞᱟᱹᱜᱤᱫ ᱚᱛ ᱴᱮᱯ ᱢᱮ᱾,native-review-required,,,
ar.placeHint,yes,"Point the phone at the floor. When the amber area appears, tap it to place the training.",फ़ोन को फ़र्श की ओर करें। पीला क्षेत्र दिखने पर उसे छूकर प्रशिक्षण रखें।,ᱯᱷᱚᱱ ᱚᱛ ᱥᱮᱫ ᱠᱩᱞᱤᱡ ᱢᱮ᱾ ᱥᱟᱥᱟᱝ ᱡᱟᱭᱜᱟ ᱧᱮᱞᱚᱜ ᱠᱷᱟᱱ ᱚᱱᱟ ᱴᱮᱯ ᱠᱟᱛᱮ ᱴᱨᱮᱱᱤᱝ ᱫᱚᱦᱚ ᱢᱮ᱾,native-review-required,audio/sat/common/sat_ar_place_hint.ogg,recording-pending,0b06c96e4fe9
ar.replay,yes,Play again,फिर से सुनें,ᱫᱚᱦᱲᱟ ᱟᱸᱡᱚᱢ ᱢᱮ,native-review-required,,,
ar.sending,yes,Returning to the app…,ऐप पर लौट रहे हैं…,ᱮᱯ ᱥᱮᱫ ᱨᱩᱣᱟᱹᱲ ᱠᱟᱱᱟ…,native-review-required,,,
ar.standalone,yes,Test build: no app to return to.,टेस्ट बिल्ड: लौटने के लिए कोई ऐप नहीं।,ᱴᱮᱥᱴ ᱵᱤᱞᱰ: ᱨᱩᱣᱟᱹᱲ ᱞᱟᱹᱜᱤᱫ ᱡᱟᱦᱟᱸ ᱮᱯ ᱵᱟᱹᱱᱩᱜᱼᱟ᱾,native-review-required,,,
ar.tapOption,yes,Tap the safest choice.,सबसे सुरक्षित विकल्प को छुएँ।,ᱡᱚᱛᱚ ᱠᱷᱚᱱ ᱨᱩᱠᱷᱤᱭᱟᱹ ᱵᱟᱪᱷᱟᱣ ᱴᱮᱯ ᱢᱮ᱾,native-review-required,,,
ar.trainAgain,yes,Train again,फिर से प्रशिक्षण लें,ᱫᱚᱦᱲᱟ ᱴᱨᱮᱱᱤᱝ ᱢᱮ,native-review-required,,,
ar.voiceFallback,yes,Santali voice not recorded · Hindi voice,संताली आवाज़ रिकॉर्ड नहीं · हिन्दी आवाज़,ᱥᱟᱱᱛᱟᱲᱤ ᱟᱲᱟᱝ ᱵᱟᱝ ᱨᱮᱠᱚᱨᱰ ᱟᱠᱟᱱᱟ · ᱦᱤᱱᱫᱤ ᱟᱲᱟᱝ,native-review-required,,,
assess.continue,yes,Continue,आगे बढ़ें,ᱞᱟᱦᱟ ᱪᱟᱞᱟᱜ ᱢᱮ,native-review-required,,,
assess.correct,yes,Correct · safe choice,सही · सुरक्षित चुनाव,ᱴᱷᱤᱠ · ᱨᱩᱠᱷᱤᱭᱟᱹ ᱵᱟᱪᱷᱟᱣ,native-review-required,audio/sat/common/sat_assess_correct.ogg,recording-pending,4b0a9789140a
assess.exit,yes,Exit,बाहर निकलें,ᱵᱟᱦᱨᱮ ᱚᱰᱚᱠ ᱢᱮ,native-review-required,,,
assess.finish,yes,See result,परिणाम देखें,ᱯᱷᱚᱞ ᱧᱮᱞ ᱢᱮ,native-review-required,,,
assess.safeAnswer,yes,Safe answer,सुरक्षित उत्तर,ᱨᱩᱠᱷᱤᱭᱟᱹ ᱛᱮᱞᱟ,native-review-required,,,
assess.step,yes,Step {n}/{total},चरण {n}/{total},ᱫᱷᱟᱯ {n}/{total},native-review-required,,,
assess.wrong,yes,Not safe,सुरक्षित नहीं,ᱨᱩᱠᱷᱤᱭᱟᱹ ᱵᱟᱝ,native-review-required,audio/sat/common/sat_assess_wrong.ogg,recording-pending,6ce28348b439
briefing.arOpening,yes,Opening AR trainer…,AR ट्रेनर खुल रहा है…,AR ᱴᱨᱮᱱᱟᱨ ᱡᱷᱤᱡᱽ ᱠᱟᱱᱟ…,native-review-required,,,
briefing.find.ar,yes,The AR trainer places the scene in front of you. Tap the safest choice at each step.,AR ट्रेनर दृश्य को आपके सामने रखता है। हर चरण में सबसे सुरक्षित विकल्प पर टैप करें।,AR ᱴᱨᱮᱱᱟᱨ ᱩᱱᱩᱫᱩᱜ ᱟᱢᱟᱜ ᱥᱟᱢᱟᱝ ᱨᱮ ᱫᱚᱦᱚᱭᱟ᱾ ᱡᱚᱛᱚ ᱫᱷᱟᱯ ᱨᱮ ᱡᱚᱛᱚ ᱠᱷᱚᱱ ᱨᱩᱠᱷᱤᱭᱟᱹ ᱵᱟᱪᱷᱟᱣ ᱴᱮᱯ ᱢᱮ᱾,native-review-required,,,
briefing.find.title,yes,Find the safe action,सुरक्षित कदम खोजें,ᱨᱩᱠᱷᱤᱭᱟᱹ ᱠᱟᱹᱢᱤ ᱧᱟᱢ ᱢᱮ,native-review-required,,,
briefing.find.web,yes,"AR is not available here, so you will answer on this screen.","यहाँ AR उपलब्ध नहीं है, इसलिए आप इसी स्क्रीन पर जवाब देंगे।","ᱱᱚᱸᱰᱮ AR ᱵᱟᱹᱱᱩᱜᱼᱟ, ᱚᱱᱟ ᱛᱮ ᱱᱚᱶᱟ ᱥᱠᱨᱤᱱ ᱨᱮᱜᱮ ᱛᱮᱞᱟ ᱮᱢ ᱢᱮ᱾",native-review-required,,,
briefing.hazard,yes,Hazard {n},खतरा {n},ᱵᱤᱯᱚᱫ {n},native-review-required,,,
briefing.learn.title,yes,What you will face,आपके सामने क्या आएगा,ᱟᱢᱟᱜ ᱥᱟᱢᱟᱝ ᱨᱮ ᱪᱮᱫ ᱦᱮᱡᱟ,native-review-required,,,
briefing.mode.ar,yes,AR mode,AR मोड,AR ᱢᱳᱰ,native-review-required,,,
briefing.mode.web,yes,Screen mode,स्क्रीन मोड,ᱥᱠᱨᱤᱱ ᱢᱳᱰ,native-review-required,,,
briefing.prove.text,yes,Score {mark} or more to earn your certificate.,प्रमाणपत्र पाने के लिए {mark} या अधिक स्कोर करें।,ᱥᱟᱹᱴᱤᱯᱷᱤᱠᱮᱴ ᱧᱟᱢ ᱞᱟᱹᱜᱤᱫ {mark} ᱥᱮ ᱵᱮᱥᱤ ᱱᱚᱢᱵᱚᱨ ᱧᱟᱢ ᱢᱮ᱾,native-review-required,,,
briefing.prove.title,yes,Prove it,साबित करें,ᱥᱟᱵᱩᱫ ᱢᱮ,native-review-required,,,
briefing.restart,yes,Start over,फिर से शुरू करें,ᱫᱚᱦᱲᱟ ᱮᱦᱚᱵ ᱢᱮ,native-review-required,,,
briefing.resume,yes,Continue · step {step}/{total},जारी रखें · चरण {step}/{total},ᱞᱟᱦᱟ ᱪᱟᱞᱟᱜ ᱢᱮ · ᱫᱷᱟᱯ {step}/{total},native-review-required,,,
briefing.start,yes,Start,शुरू करें,ᱮᱦᱚᱵ ᱢᱮ,native-review-required,,,
briefing.stepN,yes,Step {n},चरण {n},ᱫᱷᱟᱯ {n},native-review-required,,,
briefing.steps,yes,3 steps · choose the safest action each time,3 चरण · हर बार सबसे सुरक्षित कदम चुनें,3 ᱫᱷᱟᱯ · ᱡᱟᱦᱟᱸ ᱚᱠᱛᱚ ᱦᱚᱸ ᱡᱚᱛᱚ ᱠᱷᱚᱱ ᱨᱩᱠᱷᱤᱭᱟᱹ ᱠᱟᱹᱢᱤ ᱵᱟᱪᱷᱟᱣ ᱢᱮ,native-review-required,,,
cert.demoNote,no,Demo signature (HMAC) for the hackathon prototype. Not production security.,हैकथॉन प्रोटोटाइप के लिए डेमो हस्ताक्षर (HMAC)। यह प्रोडक्शन सुरक्षा नहीं है।,ᱦᱮᱠᱟᱛᱷᱚᱱ ᱯᱨᱳᱴᱳᱴᱟᱭᱤᱯ ᱞᱟᱹᱜᱤᱫ ᱰᱮᱢᱳ ᱥᱩᱦᱤ (HMAC)᱾ ᱱᱚᱶᱟ ᱯᱨᱳᱰᱟᱠᱥᱚᱱ ᱨᱩᱠᱷᱤᱭᱟᱹ ᱫᱚ ᱵᱟᱝ ᱠᱟᱱᱟ᱾,native-review-required,,,
cert.expiry,no,Valid until,मान्य तिथि तक,ᱢᱟᱱᱚᱛ ᱢᱟᱦᱟᱸ ᱦᱟᱹᱵᱤᱡ,native-review-required,,,
cert.issued,no,Issued,जारी,ᱮᱢ ᱢᱟᱦᱟᱸ,native-review-required,,,
cert.module,no,Module,मॉड्यूल,ᱢᱳᱰᱭᱩᱞ,native-review-required,,,
cert.none,no,No certificate yet. Pass a module (score 70 or more) to earn one.,अभी कोई प्रमाणपत्र नहीं। प्रमाणपत्र पाने के लिए कोई मॉड्यूल 70 या अधिक अंकों से पास करें।,ᱱᱤᱛᱚᱜ ᱡᱟᱦᱟᱸ ᱥᱟᱹᱴᱤᱯᱷᱤᱠᱮᱴ ᱵᱟᱹᱱᱩᱜᱼᱟ᱾ ᱥᱟᱹᱴᱤᱯᱷᱤᱠᱮᱴ ᱞᱟᱹᱜᱤᱫ ᱢᱤᱫᱴᱟᱹᱝ ᱢᱳᱰᱭᱩᱞ 70 ᱥᱮ ᱵᱮᱥᱤ ᱱᱚᱢᱵᱚᱨ ᱛᱮ ᱯᱟᱥ ᱢᱮ᱾,native-review-required,,,
cert.payload,no,Certificate code,प्रमाणपत्र कोड,ᱥᱟᱹᱴᱤᱯᱷᱤᱠᱮᱴ ᱠᱳᱰ,native-review-required,,,
cert.qrAlt,no,Certificate QR code,प्रमाणपत्र का QR कोड,ᱥᱟᱹᱴᱤᱯᱷᱤᱠᱮᱴ QR ᱠᱳᱰ,native-review-required,,,
cert.qrError,no,The QR code could not be drawn. Use the certificate code below.,QR कोड नहीं बन सका। नीचे दिए प्रमाणपत्र कोड का उपयोग करें।,QR ᱠᱳᱰ ᱵᱟᱝ ᱵᱮᱱᱟᱣ ᱫᱟᱲᱮᱭᱟᱜ ᱠᱟᱱᱟ᱾ ᱞᱟᱛᱟᱨ ᱨᱮᱭᱟᱜ ᱥᱟᱹᱴᱤᱯᱷᱤᱠᱮᱴ ᱠᱳᱰ ᱵᱮᱵᱷᱟᱨ ᱢᱮ᱾,native-review-required,,,
cert.score,no,Score,अंक,ᱱᱚᱢᱵᱚᱨ,native-review-required,,,
cert.title,no,Safety Training Certificate,सुरक्षा प्रशिक्षण प्रमाणपत्र,ᱨᱩᱠᱷᱤᱭᱟᱹ ᱴᱨᱮᱱᱤᱝ ᱥᱟᱹᱴᱤᱯᱷᱤᱠᱮᱴ,native-review-required,,,
cert.verify,no,Verify this certificate,यह प्रमाणपत्र जाँचें,ᱱᱚᱶᱟ ᱥᱟᱹᱴᱤᱯᱷᱤᱠᱮᱴ ᱡᱟᱺᱪ ᱢᱮ,native-review-required,,,
cert.worker,no,Worker,कर्मचारी,ᱠᱟᱹᱢᱤᱭᱟᱹ,native-review-required,,,
coach.ans.explain,yes,Which hazard? Tap one:,कौन-सा खतरा? एक चुनें:,ᱚᱠᱟ ᱵᱤᱯᱚᱫ? ᱢᱤᱫᱴᱟᱹᱝ ᱵᱟᱪᱷᱟᱣ ᱢᱮ:,native-review-required,,,
coach.ans.ppe,yes,"Before any zone: helmet, safety vest, gloves, safety shoes and eye protection. For a confined space also carry a gas detector, wear a breathing set and keep a standby attendant outside.","किसी भी ज़ोन से पहले: हेलमेट, सेफ़्टी जैकेट, दस्ताने, सेफ़्टी जूते और आँखों की सुरक्षा। सीमित स्थान के लिए गैस डिटेक्टर भी रखें, श्वास उपकरण पहनें और बाहर स्टैंडबाय अटेंडेंट रखें।","ᱡᱟᱦᱟᱸ ᱡᱚᱱ ᱞᱟᱦᱟ ᱨᱮ: ᱦᱮᱞᱢᱮᱴ, ᱨᱩᱠᱷᱤᱭᱟᱹ ᱡᱮᱠᱮᱴ, ᱜᱞᱚᱵᱥ, ᱨᱩᱠᱷᱤᱭᱟᱹ ᱡᱩᱛᱟ ᱟᱨ ᱢᱮᱫ ᱨᱩᱠᱷᱤᱭᱟᱹ᱾ ᱵᱚᱸᱫ ᱡᱟᱭᱜᱟ ᱞᱟᱹᱜᱤᱫ ᱜᱮᱥ ᱰᱤᱴᱮᱠᱴᱚᱨ ᱦᱚᱸ ᱥᱟᱶᱛᱮ ᱤᱫᱤ ᱢᱮ, ᱥᱟᱦᱮᱫ ᱡᱚᱱᱛᱨᱚ ᱯᱤᱸᱫᱷᱮ ᱢᱮ ᱟᱨ ᱵᱟᱦᱨᱮ ᱢᱤᱫᱦᱚᱲ ᱥᱴᱮᱱᱰᱵᱟᱭ ᱮᱴᱮᱱᱰᱮᱱᱴ ᱫᱚᱦᱚ ᱢᱮ᱾",native-review-required,,,
coach.ans.refresher,yes,Quick refresher · {module}:,छोटा रिफ्रेशर · {module}:,ᱦᱩᱰᱤᱧ ᱨᱤᱯᱷᱨᱮᱥᱚᱨ · {module}:,native-review-required,,,
coach.ans.test,yes,Try a Pressure Drill: {s} seconds for each decision.,दबाव अभ्यास आज़माएँ: हर फ़ैसले के लिए {s} सेकंड।,ᱫᱟᱵᱟᱣ ᱟᱵᱷᱭᱟᱥ ᱪᱮᱥᱴᱟᱭ ᱢᱮ: ᱡᱚᱛᱚ ᱵᱟᱪᱷᱟᱣ ᱞᱟᱹᱜᱤᱫ {s} ᱥᱮᱠᱮᱱᱰ᱾,native-review-required,,,
coach.ans.unknown,yes,"I can only answer from your training content. Try: fire, smoke, extinguisher, gas, confined space, PPE.","मैं केवल आपकी प्रशिक्षण सामग्री से जवाब दे सकता हूँ। आज़माएँ: आग, धुआँ, अग्निशामक, गैस, सीमित स्थान, PPE।","ᱤᱧ ᱠᱷᱟᱹᱞᱤ ᱟᱢᱟᱜ ᱴᱨᱮᱱᱤᱝ ᱥᱟᱢᱜᱽᱨᱤ ᱠᱷᱚᱱ ᱛᱮᱞᱟ ᱮᱢ ᱫᱟᱲᱮᱭᱟᱜᱼᱟ᱾ ᱪᱮᱥᱴᱟᱭ ᱢᱮ: ᱥᱮᱸᱜᱮᱞ, ᱫᱷᱩᱸᱣᱟᱹ, ᱥᱮᱸᱜᱮᱞ ᱧᱤᱵᱷᱟᱹᱣ, ᱜᱮᱥ, ᱵᱚᱸᱫ ᱡᱟᱭᱜᱟ, PPE᱾",native-review-required,,,
coach.ans.why,yes,Your last {module} attempt had {wrong} unsafe choice(s). These are the rules for that module:,आपकी पिछली {module} कोशिश में {wrong} असुरक्षित विकल्प थे। उस मॉड्यूल के नियम ये हैं:,ᱟᱢᱟᱜ ᱢᱟᱲᱟᱝ {module} ᱪᱮᱥᱴᱟ ᱨᱮ {wrong} ᱨᱩᱠᱷᱤᱭᱟᱹ ᱵᱟᱝ ᱵᱟᱪᱷᱟᱣ ᱛᱟᱦᱮᱸ ᱠᱟᱱᱟ᱾ ᱚᱱᱟ ᱢᱳᱰᱭᱩᱞ ᱨᱮᱭᱟᱜ ᱱᱤᱭᱚᱢ ᱫᱚ ᱱᱚᱶᱟ ᱠᱟᱱᱟ:,native-review-required,,,
coach.ans.whyNone,yes,You have no failed attempts on this phone. Well done!,इस फ़ोन पर आपकी कोई असफल कोशिश नहीं है। शाबाश!,ᱱᱚᱶᱟ ᱯᱷᱚᱱ ᱨᱮ ᱟᱢᱟᱜ ᱡᱟᱦᱟᱸ ᱯᱷᱮᱞ ᱪᱮᱥᱴᱟ ᱵᱟᱹᱱᱩᱜᱼᱟ᱾ ᱟᱹᱰᱤ ᱵᱮᱥ!,native-review-required,,,
coach.bot,no,Coach,कोच,ᱠᱳᱪ,native-review-required,,,
coach.card.cta,no,Ask the coach,कोच से पूछें,ᱠᱳᱪ ᱠᱩᱞᱤ ᱢᱮ,native-review-required,,,
coach.card.due,no,A refresher is due. A 3-minute practice replay keeps you sharp.,रिफ्रेशर देय है। 3 मिनट का अभ्यास रीप्ले आपको तैयार रखेगा।,ᱨᱤᱯᱷᱨᱮᱥᱚᱨ ᱵᱟᱠᱤ ᱢᱮᱱᱟᱜᱼᱟ᱾ 3 ᱢᱤᱱᱤᱴ ᱨᱮᱭᱟᱜ ᱟᱵᱷᱭᱟᱥ ᱨᱤᱯᱞᱮ ᱟᱢ ᱛᱮᱭᱟᱨ ᱫᱚᱦᱚᱭᱟᱢᱟ᱾,native-review-required,,,
coach.card.idle,no,"Ask about any hazard in your training. Answers come from your course, offline.","अपने प्रशिक्षण के किसी भी खतरे के बारे में पूछें। जवाब आपके कोर्स से, बिना इंटरनेट।","ᱟᱢᱟᱜ ᱴᱨᱮᱱᱤᱝ ᱨᱮᱭᱟᱜ ᱡᱟᱦᱟᱸ ᱵᱤᱯᱚᱫ ᱵᱟᱵᱚᱫ ᱠᱩᱞᱤ ᱢᱮ᱾ ᱛᱮᱞᱟ ᱟᱢᱟᱜ ᱠᱳᱨᱥ ᱠᱷᱚᱱ, ᱤᱱᱴᱚᱨᱱᱮᱴ ᱵᱤᱱᱟᱹ᱾",native-review-required,,,
coach.card.replay,no,Practice replay,अभ्यास रीप्ले,ᱟᱵᱷᱭᱟᱥ ᱨᱤᱯᱞᱮ,native-review-required,,,
coach.card.title,no,Safety Coach,सुरक्षा कोच,ᱨᱩᱠᱷᱤᱭᱟᱹ ᱠᱳᱪ,native-review-required,,,
coach.card.weak,no,Your last {module} score was {score}. Want a quick practice replay?,आपका पिछला {module} स्कोर {score} था। क्या एक छोटा अभ्यास रीप्ले करें?,ᱟᱢᱟᱜ ᱢᱟᱲᱟᱝ {module} ᱱᱚᱢᱵᱚᱨ {score} ᱛᱟᱦᱮᱸ ᱠᱟᱱᱟ᱾ ᱢᱤᱫᱴᱟᱹᱝ ᱦᱩᱰᱤᱧ ᱟᱵᱷᱭᱟᱥ ᱨᱤᱯᱞᱮ ᱦᱩᱭᱩᱜ ᱢᱟ?,native-review-required,,,
coach.hello,no,"Namaste {name}! Ask me about fire, smoke, extinguishers, gas leaks, confined spaces or PPE.","नमस्ते {name}! मुझसे आग, धुआँ, अग्निशामक, गैस रिसाव, सीमित स्थान या PPE के बारे में पूछें।","ᱡᱚᱦᱟᱨ {name}! ᱥᱮᱸᱜᱮᱞ, ᱫᱷᱩᱸᱣᱟᱹ, ᱥᱮᱸᱜᱮᱞ ᱧᱤᱵᱷᱟᱹᱣ ᱡᱚᱱᱛᱨᱚ, ᱜᱮᱥ ᱞᱤᱠ, ᱵᱚᱸᱫ ᱡᱟᱭᱜᱟ ᱥᱮ PPE ᱵᱟᱵᱚᱫ ᱠᱩᱞᱤ ᱢᱮ᱾",native-review-required,,,
coach.note,no,Offline guide: answers come from your approved training content. It is not an AI model.,ऑफ़लाइन गाइड: जवाब आपकी स्वीकृत प्रशिक्षण सामग्री से आते हैं। यह AI मॉडल नहीं है।,ᱚᱯᱷᱞᱟᱭᱤᱱ ᱜᱟᱭᱤᱰ: ᱛᱮᱞᱟ ᱟᱢᱟᱜ ᱦᱟᱛᱟᱣ ᱴᱨᱮᱱᱤᱝ ᱥᱟᱢᱜᱽᱨᱤ ᱠᱷᱚᱱ ᱦᱮᱡᱚᱜᱼᱟ᱾ ᱱᱚᱶᱟ AI ᱢᱳᱰᱮᱞ ᱵᱟᱝ ᱠᱟᱱᱟ᱾,native-review-required,,,
coach.openDrill,no,Open Pressure Drill,दबाव अभ्यास खोलें,ᱫᱟᱵᱟᱣ ᱟᱵᱷᱭᱟᱥ ᱡᱷᱤᱡᱽ ᱢᱮ,native-review-required,,,
coach.openReplay,no,Open replay,रीप्ले खोलें,ᱨᱤᱯᱞᱮ ᱡᱷᱤᱡᱽ ᱢᱮ,native-review-required,,,
coach.placeholder,no,Ask your safety coach…,अपने सुरक्षा कोच से पूछें…,ᱟᱢᱟᱜ ᱨᱩᱠᱷᱤᱭᱟᱹ ᱠᱳᱪ ᱠᱩᱞᱤ ᱢᱮ…,native-review-required,,,
coach.prompt.explain,no,Explain this hazard,इस खतरे को समझाएँ,ᱱᱚᱶᱟ ᱵᱤᱯᱚᱫ ᱵᱩᱡᱷᱟᱹᱣ ᱢᱮ,native-review-required,,,
coach.prompt.ppe,no,What PPE do I need?,मुझे कौन-सा PPE चाहिए?,ᱤᱧ ᱚᱠᱟ PPE ᱞᱟᱹᱠᱛᱤᱭᱟ?,native-review-required,,,
coach.prompt.refresher,no,Give me a refresher,मुझे रिफ्रेशर दें,ᱤᱧ ᱨᱤᱯᱷᱨᱮᱥᱚᱨ ᱮᱢ ᱢᱮ,native-review-required,,,
coach.prompt.test,no,Test me,मेरी परीक्षा लें,ᱤᱧ ᱡᱟᱺᱪ ᱢᱮ,native-review-required,,,
coach.prompt.why,no,Why did I fail?,मैं फ़ेल क्यों हुआ?,ᱤᱧ ᱪᱮᱫᱟᱜ ᱯᱷᱮᱞ ᱞᱮᱱᱟ?,native-review-required,,,
coach.send,no,Send,भेजें,ᱠᱩᱞ ᱢᱮ,native-review-required,,,
coach.sub,no,Your personal safety trainer,आपका निजी सुरक्षा प्रशिक्षक,ᱟᱢᱟᱜ ᱱᱤᱡᱮᱨ ᱨᱩᱠᱷᱤᱭᱟᱹ ᱴᱨᱮᱱᱟᱨ,native-review-required,,,
coach.title,no,Safety Coach,सुरक्षा कोच,ᱨᱩᱠᱷᱤᱭᱟᱹ ᱠᱳᱪ,native-review-required,,,
coach.voiceOff,no,Voice input is not available offline yet,बोलकर पूछना अभी ऑफ़लाइन उपलब्ध नहीं,ᱨᱚᱲ ᱠᱟᱛᱮ ᱠᱩᱞᱤ ᱱᱤᱛᱚᱜ ᱚᱯᱷᱞᱟᱭᱤᱱ ᱵᱟᱹᱱᱩᱜᱼᱟ,native-review-required,,,
coach.you,no,You,आप,ᱟᱢ,native-review-required,,,
common.cancel,no,Cancel,रद्द करें,ᱵᱟᱹᱛᱤᱞ,native-review-required,,,
common.close,no,Close,बंद करें,ᱵᱚᱸᱫ ᱢᱮ,native-review-required,,,
common.done,no,Done,हो गया,ᱦᱩᱭ ᱮᱱᱟ,native-review-required,,,
common.loading,no,Loading…,लोड हो रहा है…,ᱞᱳᱰ ᱦᱩᱭ ᱠᱟᱱᱟ…,native-review-required,,,
common.none,no,—,—,—,native-review-required,,,
common.prototype,no,Prototype,प्रोटोटाइप,ᱯᱨᱳᱴᱳᱴᱟᱭᱤᱯ,native-review-required,,,
common.seeAll,no,See all,सभी देखें,ᱡᱚᱛᱚ ᱧᱮᱞ ᱢᱮ,native-review-required,,,
common.tryAgain,no,Try again,फिर से कोशिश करें,ᱫᱚᱦᱲᱟ ᱪᱮᱥᱴᱟᱭ ᱢᱮ,native-review-required,,,
dash.col.fails,no,Failures,असफल प्रयास,ᱯᱷᱮᱞ ᱪᱮᱥᱴᱟ,native-review-required,,,
dash.col.module,no,Latest Module,अंतिम मॉड्यूल,ᱢᱟᱲᱟᱝ ᱢᱳᱰᱭᱩᱞ,native-review-required,,,
dash.col.refresher,no,Refresher,पुनश्चर्या,ᱨᱤᱯᱷᱨᱮᱥᱚᱨ,native-review-required,,,
dash.col.risk,no,Risk,जोखिम,ᱡᱚᱠᱷᱤᱢ,native-review-required,,,
dash.col.score,no,Score,अंक,ᱱᱚᱢᱵᱚᱨ,native-review-required,,,
dash.col.status,no,Risk Status,जोखिम स्थिति,ᱡᱚᱠᱷᱤᱢ ᱦᱟᱹᱞᱚᱛ,native-review-required,,,
dash.col.worker,no,Worker,कर्मचारी,ᱠᱟᱹᱢᱤᱭᱟᱹ,native-review-required,,,
dash.daysAgo,no,trained {days} d ago,{days} दिन पहले प्रशिक्षण,{days} ᱢᱟᱦᱟᱸ ᱞᱟᱦᱟᱨᱮ ᱴᱨᱮᱱᱤᱝ,native-review-required,,,
dash.refresher.due,no,Refresher Due,पुनश्चर्या बाकी,ᱨᱤᱯᱷᱨᱮᱥᱚᱨ ᱵᱟᱠᱤ,native-review-required,,,
dash.refresher.ok,no,Up to date,अद्यतन,ᱱᱟᱣᱟ ᱜᱮᱭᱟ,native-review-required,,,
dash.reset,no,Reset time,समय रीसेट करें,ᱚᱠᱛᱚ ᱨᱤᱥᱮᱴ ᱢᱮ,native-review-required,,,
dash.seedNote,no,Demo data: 8 seeded workers stored on this device.,डेमो डेटा: इस डिवाइस पर 8 नमूना कर्मचारी।,ᱰᱮᱢᱳ ᱰᱟᱴᱟ: ᱱᱚᱶᱟ ᱯᱷᱚᱱ ᱨᱮ 8 ᱫᱟᱹᱭᱠᱟᱹ ᱠᱟᱹᱢᱤᱭᱟᱹ᱾,native-review-required,,,
dash.simulate,no,Simulate +7 Days,+7 दिन आगे करें,+7 ᱢᱟᱦᱟᱸ ᱞᱟᱦᱟ ᱢᱮ,native-review-required,,,
dash.summary.due,no,Refresher due,पुनश्चर्या बाकी,ᱨᱤᱯᱷᱨᱮᱥᱚᱨ ᱵᱟᱠᱤ,native-review-required,,,
dash.summary.workers,no,Workers,कर्मचारी,ᱠᱟᱹᱢᱤᱭᱟᱹ,native-review-required,,,
dash.thisDevice,no,this phone,यह फ़ोन,ᱱᱚᱶᱟ ᱯᱷᱚᱱ,native-review-required,,,
dash.timeNow,no,Demo time: today,डेमो समय: आज,ᱰᱮᱢᱳ ᱚᱠᱛᱚ: ᱛᱮᱦᱮᱧ,native-review-required,,,
dash.timeOffset,no,Demo time: today + {days} days,डेमो समय: आज + {days} दिन,ᱰᱮᱢᱳ ᱚᱠᱛᱚ: ᱛᱮᱦᱮᱧ + {days} ᱢᱟᱦᱟᱸ,native-review-required,,,
dash.title,no,Supervisor Dashboard,पर्यवेक्षक डैशबोर्ड,ᱥᱩᱯᱚᱨᱵᱟᱭᱡᱚᱨ ᱰᱮᱥᱵᱳᱨᱰ,native-review-required,,,
drill.secondsLeft,no,{s} s left,{s} सेकंड बाकी,{s} ᱥᱮᱠᱮᱱᱰ ᱵᱟᱠᱤ,native-review-required,,,
drill.sub,no,Decide before the timer runs out.,टाइमर खत्म होने से पहले फ़ैसला करें।,ᱴᱟᱭᱢᱟᱨ ᱢᱩᱪᱟᱹᱫ ᱞᱟᱦᱟ ᱨᱮ ᱵᱟᱪᱷᱟᱣ ᱢᱮ᱾,native-review-required,,,
drill.title,no,Pressure Drill,दबाव अभ्यास,ᱫᱟᱵᱟᱣ ᱟᱵᱷᱭᱟᱥ,native-review-required,,,
effects.full,no,Full,पूरे,ᱯᱩᱨᱟᱹ,native-review-required,,,
effects.hint,no,Reduced turns off glass blur so the app stays smooth on low-end phones.,"""कम"" चुनने पर ग्लास ब्लर बंद हो जाता है, जिससे कमज़ोर फ़ोन पर भी ऐप आसानी से चलता है।","""ᱠᱚᱢ"" ᱵᱟᱪᱷᱟᱣ ᱠᱷᱟᱱ ᱜᱞᱟᱥ ᱵᱞᱚᱨ ᱵᱚᱸᱫᱚᱜᱼᱟ, ᱚᱱᱟ ᱛᱮ ᱠᱚᱢ ᱫᱟᱢ ᱯᱷᱚᱱ ᱨᱮ ᱦᱚᱸ ᱮᱯ ᱥᱚᱦᱮᱡ ᱛᱮ ᱪᱟᱞᱟᱜᱼᱟ᱾",native-review-required,,,
effects.reduced,no,Reduced,कम,ᱠᱚᱢ,native-review-required,,,
effects.title,no,Visual effects,दृश्य प्रभाव,ᱧᱮᱞ ᱤᱯᱷᱮᱠᱴ,native-review-required,,,
err.arUnavailable,yes,AR training could not run on this phone. Press Start again to train on the phone screen.,इस फ़ोन पर AR प्रशिक्षण नहीं चल सका। फ़ोन स्क्रीन पर प्रशिक्षण के लिए फिर से शुरू करें दबाएँ।,ᱱᱚᱶᱟ ᱯᱷᱚᱱ ᱨᱮ AR ᱴᱨᱮᱱᱤᱝ ᱵᱟᱝ ᱪᱟᱞᱟᱣ ᱫᱟᱲᱮᱭᱟᱜ ᱠᱟᱱᱟ᱾ ᱯᱷᱚᱱ ᱥᱠᱨᱤᱱ ᱨᱮ ᱴᱨᱮᱱᱤᱝ ᱞᱟᱹᱜᱤᱫ ᱫᱚᱦᱲᱟ ᱮᱦᱚᱵ ᱚᱛᱟᱭ ᱢᱮ᱾,native-review-required,,,
err.certFailed,no,The certificate could not be created.,प्रमाणपत्र नहीं बन सका।,ᱥᱟᱹᱴᱤᱯᱷᱤᱠᱮᱴ ᱵᱟᱝ ᱵᱮᱱᱟᱣ ᱫᱟᱲᱮᱭᱟᱜ ᱠᱟᱱᱟ᱾,native-review-required,,,
err.generic,no,Please go back to Home and try again.,कृपया होम पर जाकर फिर से प्रयास करें।,ᱚᱲᱟᱜ ᱥᱮᱫ ᱨᱩᱣᱟᱹᱲ ᱠᱟᱛᱮ ᱫᱚᱦᱲᱟ ᱪᱮᱥᱴᱟᱭ ᱢᱮ᱾,native-review-required,,,
err.moduleUnavailable,no,This training module is not available.,यह प्रशिक्षण मॉड्यूल उपलब्ध नहीं है।,ᱱᱚᱶᱟ ᱴᱨᱮᱱᱤᱝ ᱢᱳᱰᱭᱩᱞ ᱵᱟᱹᱱᱩᱜᱼᱟ᱾,native-review-required,,,
err.resultRejected,no,The training result could not be accepted. Please train again.,प्रशिक्षण परिणाम स्वीकार नहीं हो सका। कृपया फिर से प्रशिक्षण लें।,ᱴᱨᱮᱱᱤᱝ ᱯᱷᱚᱞ ᱵᱟᱝ ᱦᱟᱛᱟᱣ ᱫᱟᱲᱮᱭᱟᱜ ᱠᱟᱱᱟ᱾ ᱫᱚᱦᱲᱟ ᱴᱨᱮᱱᱤᱝ ᱢᱮ᱾,native-review-required,,,
err.storageReset,no,Saved data on this phone was damaged and has been reset.,"इस फ़ोन पर सहेजा गया डेटा खराब था, इसलिए रीसेट कर दिया गया।","ᱱᱚᱶᱟ ᱯᱷᱚᱱ ᱨᱮ ᱫᱚᱦᱚ ᱰᱟᱴᱟ ᱵᱟᱹᱲᱤᱡ ᱦᱩᱭ ᱮᱱᱟ, ᱚᱱᱟ ᱛᱮ ᱨᱤᱥᱮᱴ ᱮᱱᱟ᱾",native-review-required,,,
err.storageUnavailable,no,This phone cannot save data. Progress will be lost when the app closes.,यह फ़ोन डेटा सहेज नहीं पा रहा। ऐप बंद होने पर प्रगति मिट जाएगी।,ᱱᱚᱶᱟ ᱯᱷᱚᱱ ᱰᱟᱴᱟ ᱵᱟᱝ ᱫᱚᱦᱚ ᱫᱟᱲᱮᱭᱟᱜ ᱠᱟᱱᱟ᱾ ᱮᱯ ᱵᱚᱸᱫ ᱠᱷᱟᱱ ᱯᱨᱚᱜᱽᱨᱮᱥ ᱟᱫᱚᱜᱼᱟ᱾,native-review-required,,,
err.title,no,Something went wrong,कुछ गलत हो गया,ᱪᱮᱫ ᱦᱚᱸ ᱵᱷᱩᱞ ᱦᱩᱭ ᱮᱱᱟ,native-review-required,,,
home.alerts,no,Notifications,सूचनाएँ,ᱠᱷᱚᱵᱚᱨ,native-review-required,,,
home.allDone.text,no,Keep your skills fresh with a practice replay.,अभ्यास रीप्ले से अपनी कुशलता ताज़ा रखें।,ᱟᱵᱷᱭᱟᱥ ᱨᱤᱯᱞᱮ ᱛᱮ ᱟᱢᱟᱜ ᱥᱮᱪᱮᱫ ᱱᱟᱣᱟ ᱫᱚᱦᱚ ᱢᱮ᱾,native-review-required,,,
home.allDone.title,no,All modules passed,सभी मॉड्यूल पास,ᱡᱚᱛᱚ ᱢᱳᱰᱭᱩᱞ ᱯᱟᱥ,native-review-required,,,
home.certificate,no,Certificate,प्रमाणपत्र,ᱥᱟᱹᱴᱤᱯᱷᱤᱠᱮᱴ,native-review-required,,,
home.certificate.sub,no,Show your QR certificate,अपना QR प्रमाणपत्र दिखाएँ,ᱟᱢᱟᱜ QR ᱥᱟᱹᱴᱤᱯᱷᱤᱠᱮᱴ ᱩᱫᱩᱜ ᱢᱮ,native-review-required,,,
home.changeWorker,no,Change worker,कर्मचारी बदलें,ᱠᱟᱹᱢᱤᱭᱟᱹ ᱵᱚᱫᱚᱞ ᱢᱮ,native-review-required,,,
home.continue.cta,no,Continue,जारी रखें,ᱞᱟᱦᱟ ᱪᱟᱞᱟᱜ ᱢᱮ,native-review-required,,,
home.continue.step,no,Step {step} of {total},चरण {step} / {total},ᱫᱷᱟᱯ {step} / {total},native-review-required,,,
home.continue.title,no,Continue training,प्रशिक्षण जारी रखें,ᱴᱨᱮᱱᱤᱝ ᱞᱟᱦᱟ ᱪᱟᱞᱟᱜ ᱢᱮ,native-review-required,,,
home.dashboard,no,Supervisor dashboard,पर्यवेक्षक डैशबोर्ड,ᱥᱩᱯᱚᱨᱵᱟᱭᱡᱚᱨ ᱰᱮᱥᱵᱳᱨᱰ,native-review-required,,,
home.greeting,no,"Namaste, {name}","नमस्ते, {name}","ᱡᱚᱦᱟᱨ, {name}",native-review-required,,,
home.manage,no,Management portal (prototype),प्रबंधन पोर्टल (प्रोटोटाइप),ᱢᱮᱱᱮᱡᱢᱮᱱᱴ ᱯᱚᱨᱴᱟᱞ (ᱯᱨᱳᱴᱳᱴᱟᱭᱤᱯ),native-review-required,,,
home.modules,no,Safety training,सुरक्षा प्रशिक्षण,ᱨᱩᱠᱷᱤᱭᱟᱹ ᱴᱨᱮᱱᱤᱝ,native-review-required,,,
home.more,no,Certificate & verification,प्रमाणपत्र और जाँच,ᱥᱟᱹᱴᱤᱯᱷᱤᱠᱮᱴ ᱟᱨ ᱡᱟᱺᱪ,native-review-required,,,
home.moreTitle,no,More,और,ᱟᱨᱦᱚᱸ,native-review-required,,,
home.nearmiss,no,Report a near-miss,निकट-दुर्घटना की रिपोर्ट करें,ᱦᱟᱫᱥᱟ ᱠᱷᱚᱱ ᱵᱟᱧᱪᱟᱣ ᱨᱤᱯᱳᱨᱴ ᱢᱮ,native-review-required,,,
home.next.cta,no,Start,शुरू करें,ᱮᱦᱚᱵ ᱢᱮ,native-review-required,,,
home.next.title,no,Up next,अगला,ᱤᱱᱟᱹ ᱛᱟᱭᱚᱢ,native-review-required,,,
home.ppe,no,PPE self-check,PPE स्व-जाँच,PPE ᱟᱡ ᱡᱟᱺᱪ,native-review-required,,,
home.ppe.notToday,no,Not done today,आज नहीं हुई,ᱛᱮᱦᱮᱧ ᱵᱟᱝ ᱦᱩᱭ ᱟᱠᱟᱱᱟ,native-review-required,,,
home.ppe.today,no,Done today,आज हो गई,ᱛᱮᱦᱮᱧ ᱦᱩᱭ ᱮᱱᱟ,native-review-required,,,
home.quick,no,Quick actions,त्वरित कार्य,ᱡᱷᱟᱴ ᱠᱟᱹᱢᱤ,native-review-required,,,
home.ready,no,Ready for today's safety training?,क्या आप आज के सुरक्षा प्रशिक्षण के लिए तैयार हैं?,ᱛᱮᱦᱮᱧ ᱨᱩᱠᱷᱤᱭᱟᱹ ᱴᱨᱮᱱᱤᱝ ᱞᱟᱹᱜᱤᱫ ᱛᱮᱭᱟᱨ ᱢᱮᱱᱟᱢᱟ?,native-review-required,,,
home.retry.title,no,Train again,फिर से प्रशिक्षण,ᱫᱚᱦᱲᱟ ᱴᱨᱮᱱᱤᱝ,native-review-required,,,
home.status.failed,no,Last score {score} · try again,पिछले अंक {score} · फिर से प्रयास करें,ᱢᱟᱲᱟᱝ ᱱᱚᱢᱵᱚᱨ {score} · ᱫᱚᱦᱲᱟ ᱪᱮᱥᱴᱟᱭ ᱢᱮ,native-review-required,,,
home.status.inProgress,no,In progress · step {step}/{total},जारी · चरण {step}/{total},ᱪᱟᱞᱟᱜ ᱠᱟᱱᱟ · ᱫᱷᱟᱯ {step}/{total},native-review-required,,,
home.status.new,no,Not started,शुरू नहीं हुआ,ᱵᱟᱝ ᱮᱦᱚᱵ ᱟᱠᱟᱱᱟ,native-review-required,,,
home.status.passed,no,Passed · score {score},उत्तीर्ण · अंक {score},ᱯᱟᱥ · ᱱᱚᱢᱵᱚᱨ {score},native-review-required,,,
home.status.passedOf,no,{n} of {total} modules passed,{total} में से {n} मॉड्यूल पास,{total} ᱠᱷᱚᱱ {n} ᱢᱳᱰᱭᱩᱞ ᱯᱟᱥ,native-review-required,,,
home.status.readiness,no,Training readiness,प्रशिक्षण तैयारी,ᱴᱨᱮᱱᱤᱝ ᱛᱮᱭᱟᱨᱤ,native-review-required,,,
home.status.title,no,Safety status,सुरक्षा स्थिति,ᱨᱩᱠᱷᱤᱭᱟᱹ ᱦᱟᱹᱞᱚᱛ,native-review-required,,,
home.status.unavailable,no,Not available,उपलब्ध नहीं,ᱵᱟᱹᱱᱩᱜᱼᱟ,native-review-required,,,
home.verify,no,Verify,जाँचें,ᱡᱟᱺᱪ,native-review-required,,,
home.verify.sub,no,Check a certificate offline,बिना इंटरनेट प्रमाणपत्र जाँचें,ᱤᱱᱴᱚᱨᱱᱮᱴ ᱵᱤᱱᱟᱹ ᱥᱟᱹᱴᱤᱯᱷᱤᱠᱮᱴ ᱡᱟᱺᱪ ᱢᱮ,native-review-required,,,
home.workerId,no,Worker ID: {id},कर्मचारी आईडी: {id},ᱠᱟᱹᱢᱤᱭᱟᱹ ID: {id},native-review-required,,,
lang.available,no,Available,उपलब्ध,ᱢᱮᱱᱟᱜᱼᱟ,native-review-required,,,
lang.awaiting,no,Awaiting native-speaker content,मूल वक्ता की सामग्री का इंतज़ार,ᱢᱩᱞ ᱨᱚᱲᱤᱭᱟᱹ ᱥᱟᱢᱜᱽᱨᱤ ᱵᱟᱠᱤ,native-review-required,,,
lang.hint,no,You can change this later from the top bar.,आप इसे बाद में ऊपर की पट्टी से बदल सकते हैं।,ᱱᱚᱶᱟ ᱛᱟᱭᱚᱢ ᱛᱮ ᱪᱮᱛᱟᱱ ᱯᱟᱴᱤ ᱠᱷᱚᱱ ᱵᱚᱫᱚᱞ ᱫᱟᱲᱮᱭᱟᱜᱼᱟᱢ᱾,native-review-required,,,
lang.partial,no,Provisional translation · native review pending,अस्थायी अनुवाद · मूल वक्ता समीक्षा बाकी,ᱠᱟᱸᱪᱟ ᱛᱚᱨᱡᱚᱢᱟ · ᱥᱟᱱᱛᱟᱲᱤ ᱨᱚᱲᱤᱭᱟᱹ ᱡᱟᱺᱪ ᱵᱟᱠᱤ,native-review-required,,,
lang.planned,no,Planned languages,आने वाली भाषाएँ,ᱦᱮᱡ ᱠᱟᱱ ᱯᱟᱹᱨᱥᱤ,native-review-required,,,
lang.plannedNote,no,"These languages first need a native-speaker translation, so they cannot be selected yet.","इन भाषाओं के लिए पहले मूल वक्ता का अनुवाद चाहिए, इसलिए इन्हें अभी चुना नहीं जा सकता।","ᱱᱚᱶᱟ ᱯᱟᱹᱨᱥᱤ ᱠᱚ ᱞᱟᱹᱜᱤᱫ ᱯᱟᱹᱦᱤᱞ ᱢᱩᱞ ᱨᱚᱲᱤᱭᱟᱹ ᱛᱚᱨᱡᱚᱢᱟ ᱞᱟᱹᱠᱛᱤᱭᱟ, ᱚᱱᱟ ᱛᱮ ᱱᱤᱛᱚᱜ ᱵᱟᱝ ᱵᱟᱪᱷᱟᱣ ᱫᱟᱲᱮᱭᱟᱜᱼᱟ᱾",native-review-required,,,
lang.title,no,Choose your language,अपनी भाषा चुनें,ᱟᱢᱟᱜ ᱯᱟᱹᱨᱥᱤ ᱵᱟᱪᱷᱟᱣ ᱢᱮ,native-review-required,,,
lfp.find,no,Find,खोजें,ᱧᱟᱢ,native-review-required,,,
lfp.find.sub,no,Spot them,पहचानें,ᱪᱤᱱᱦᱟᱹᱣ ᱢᱮ,native-review-required,,,
lfp.label,no,Training stages,प्रशिक्षण के चरण,ᱴᱨᱮᱱᱤᱝ ᱫᱷᱟᱯ,native-review-required,,,
lfp.learn,no,Learn,सीखें,ᱪᱮᱫ,native-review-required,,,
lfp.learn.sub,no,The hazards,खतरे,ᱵᱤᱯᱚᱫ ᱠᱚ,native-review-required,,,
lfp.prove,no,Prove,साबित करें,ᱥᱟᱵᱩᱫ,native-review-required,,,
lfp.prove.sub,no,Get scored,स्कोर पाएँ,ᱱᱚᱢᱵᱚᱨ ᱧᱟᱢ ᱢᱮ,native-review-required,,,
me.about,no,About,जानकारी,ᱵᱟᱵᱚᱫ,native-review-required,,,
me.data,no,Data on this phone,इस फ़ोन पर डेटा,ᱱᱚᱶᱟ ᱯᱷᱚᱱ ᱨᱮᱭᱟᱜ ᱰᱟᱴᱟ,native-review-required,,,
me.editWorker,no,Edit worker details,कर्मचारी विवरण बदलें,ᱠᱟᱹᱢᱤᱭᱟᱹ ᱵᱤᱵᱨᱚᱬ ᱵᱚᱫᱚᱞ ᱢᱮ,native-review-required,,,
me.language,no,Language,भाषा,ᱯᱟᱹᱨᱥᱤ,native-review-required,,,
me.safety,no,Safety tools,सुरक्षा उपकरण,ᱨᱩᱠᱷᱤᱭᱟᱹ ᱡᱚᱱᱛᱨᱚ,native-review-required,,,
me.settings,no,Settings,सेटिंग्स,ᱥᱮᱴᱤᱝ,native-review-required,,,
me.stats,no,{attempts} attempt(s) · {certs} certificate(s),{attempts} प्रयास · {certs} प्रमाणपत्र,{attempts} ᱪᱮᱥᱴᱟ · {certs} ᱥᱟᱹᱴᱤᱯᱷᱤᱠᱮᱴ,native-review-required,,,
me.title,no,Profile,प्रोफ़ाइल,ᱯᱨᱳᱯᱷᱟᱭᱤᱞ,native-review-required,,,
me.version,no,Prototype build · works offline,प्रोटोटाइप संस्करण · बिना इंटरनेट चलता है,ᱯᱨᱳᱴᱳᱴᱟᱭᱤᱯ ᱵᱤᱞᱰ · ᱤᱱᱴᱚᱨᱱᱮᱴ ᱵᱤᱱᱟᱹ ᱪᱟᱞᱟᱜᱼᱟ,native-review-required,,,
module.fire_explosion.purpose,yes,Leave safely during a fire and use the right extinguisher.,आग लगने पर सुरक्षित बाहर निकलें और सही अग्निशामक का उपयोग करें।,ᱥᱮᱸᱜᱮᱞ ᱞᱟᱜᱟᱣ ᱚᱠᱛᱚ ᱨᱩᱠᱷᱤᱭᱟᱹ ᱛᱮ ᱵᱟᱦᱨᱮ ᱚᱰᱚᱠ ᱢᱮ ᱟᱨ ᱴᱷᱤᱠ ᱥᱮᱸᱜᱮᱞ ᱧᱤᱵᱷᱟᱹᱣ ᱡᱚᱱᱛᱨᱚ ᱵᱮᱵᱷᱟᱨ ᱢᱮ᱾,native-review-required,audio/sat/fire/sat_fire_purpose.ogg,recording-pending,64419bedc416
module.gas_confined.purpose,yes,Spot a gas leak zone and enter confined spaces safely.,गैस रिसाव क्षेत्र पहचानें और सीमित स्थान में सुरक्षित प्रवेश करें।,ᱜᱮᱥ ᱞᱤᱠ ᱡᱚᱱ ᱪᱤᱱᱦᱟᱹᱣ ᱢᱮ ᱟᱨ ᱵᱚᱸᱫ ᱡᱟᱭᱜᱟ ᱵᱷᱤᱛᱨᱤ ᱨᱩᱠᱷᱤᱭᱟᱹ ᱛᱮ ᱞᱟᱹᱫᱮ ᱢᱮ᱾,native-review-required,audio/sat/gas/sat_gas_purpose.ogg,recording-pending,528ebde72ccf
nav.back,no,Back,वापस,ᱨᱩᱣᱟᱹᱲ,native-review-required,,,
nav.home,no,Home,होम,ᱚᱲᱟᱜ,native-review-required,,,
nav.language,no,Change language,भाषा बदलें,ᱯᱟᱹᱨᱥᱤ ᱵᱚᱫᱚᱞ ᱢᱮ,native-review-required,,,
nm.desc,yes,What happened?,क्या हुआ?,ᱪᱮᱫ ᱦᱩᱭ ᱮᱱᱟ?,native-review-required,,,
nm.descPh,yes,Describe what you saw,जो देखा उसका वर्णन करें,ᱪᱮᱫ ᱧᱮᱞ ᱠᱮᱫᱟᱢ ᱚᱱᱟ ᱚᱞ ᱢᱮ,native-review-required,,,
nm.errDesc,yes,Please describe what happened (at least 10 characters).,कृपया बताएँ कि क्या हुआ (कम से कम 10 अक्षर)।,ᱪᱮᱫ ᱦᱩᱭ ᱮᱱᱟ ᱚᱞ ᱢᱮ (ᱠᱚᱢ ᱥᱮ ᱠᱚᱢ 10 ᱟᱠᱷᱚᱨ)᱾,native-review-required,,,
nm.errLocation,yes,Please enter where it happened.,कृपया बताएँ कि यह कहाँ हुआ।,ᱚᱠᱟᱨᱮ ᱦᱩᱭ ᱮᱱᱟ ᱚᱞ ᱢᱮ᱾,native-review-required,,,
nm.localNote,yes,Stored on this phone only. A safety officer can review it in the management portal on this phone.,केवल इसी फ़ोन पर सहेजी जाती है। सुरक्षा अधिकारी इसी फ़ोन के प्रबंधन पोर्टल में इसे देख सकते हैं।,ᱠᱷᱟᱹᱞᱤ ᱱᱚᱶᱟ ᱯᱷᱚᱱ ᱨᱮᱜᱮ ᱫᱚᱦᱚᱜᱼᱟ᱾ ᱨᱩᱠᱷᱤᱭᱟᱹ ᱚᱯᱷᱤᱥᱚᱨ ᱱᱚᱶᱟ ᱯᱷᱚᱱ ᱨᱮᱭᱟᱜ ᱢᱮᱱᱮᱡᱢᱮᱱᱴ ᱯᱚᱨᱴᱟᱞ ᱨᱮ ᱱᱚᱶᱟ ᱧᱮᱞ ᱫᱟᱲᱮᱭᱟᱜᱼᱟ᱾,native-review-required,,,
nm.location,yes,Location,स्थान,ᱡᱟᱭᱜᱟ,native-review-required,,,
nm.locationPh,yes,"e.g. Crusher area, Zone 4","जैसे: क्रशर क्षेत्र, ज़ोन 4","ᱫᱟᱹᱭᱠᱟᱹ: ᱠᱨᱟᱥᱚᱨ ᱡᱟᱭᱜᱟ, ᱡᱚᱱ 4",native-review-required,,,
nm.mine,yes,My reports,मेरी रिपोर्ट,ᱤᱧᱟᱜ ᱨᱤᱯᱳᱨᱴ,native-review-required,,,
nm.none,yes,No reports yet,अभी कोई रिपोर्ट नहीं,ᱱᱤᱛᱚᱜ ᱡᱟᱦᱟᱸ ᱨᱤᱯᱳᱨᱴ ᱵᱟᱹᱱᱩᱜᱼᱟ,native-review-required,,,
nm.noneText,yes,Your near-miss reports will appear here.,आपकी निकट-दुर्घटना रिपोर्ट यहाँ दिखेंगी।,ᱟᱢᱟᱜ ᱦᱟᱫᱥᱟ ᱠᱷᱚᱱ ᱵᱟᱧᱪᱟᱣ ᱨᱤᱯᱳᱨᱴ ᱱᱚᱸᱰᱮ ᱧᱮᱞᱚᱜᱼᱟ᱾,native-review-required,,,
nm.photoNote,yes,Photo attachments need camera support that is not in this build.,"फ़ोटो जोड़ने के लिए कैमरा सुविधा चाहिए, जो इस संस्करण में नहीं है।","ᱯᱷᱚᱴᱚ ᱥᱮᱞᱮᱫ ᱞᱟᱹᱜᱤᱫ ᱠᱮᱢᱮᱨᱟ ᱥᱩᱵᱤᱫᱷᱟ ᱞᱟᱹᱠᱛᱤᱭᱟ, ᱱᱚᱶᱟ ᱵᱤᱞᱰ ᱨᱮ ᱵᱟᱹᱱᱩᱜᱼᱟ᱾",native-review-required,,,
nm.saved,yes,Report saved on this phone.,रिपोर्ट इस फ़ोन पर सहेजी गई।,ᱨᱤᱯᱳᱨᱴ ᱱᱚᱶᱟ ᱯᱷᱚᱱ ᱨᱮ ᱫᱚᱦᱚ ᱮᱱᱟ᱾,native-review-required,,,
nm.sev.high,yes,High,उच्च,ᱵᱮᱥᱤ,native-review-required,,,
nm.sev.low,yes,Low,कम,ᱠᱚᱢ,native-review-required,,,
nm.sev.medium,yes,Medium,मध्यम,ᱛᱟᱞᱟ,native-review-required,,,
nm.severity,yes,Severity,गंभीरता,ᱵᱤᱯᱚᱫ ᱫᱷᱟᱯ,native-review-required,,,
nm.status.investigating,yes,Investigating,जाँच जारी,ᱡᱟᱺᱪ ᱪᱟᱞᱟᱜ ᱠᱟᱱᱟ,native-review-required,,,
nm.status.open,yes,Open,खुली,ᱠᱷᱚᱞᱟ,native-review-required,,,
nm.status.resolved,yes,Resolved,हल हुई,ᱥᱚᱢᱟᱫᱷᱟᱱ ᱮᱱᱟ,native-review-required,,,
nm.sub,yes,Something almost went wrong? Reporting it prevents the next accident.,कुछ गलत होते-होते बचा? रिपोर्ट करने से अगली दुर्घटना रुकती है।,ᱪᱮᱫ ᱦᱚᱸ ᱵᱷᱩᱞ ᱦᱩᱭ ᱦᱩᱭ ᱛᱮ ᱵᱟᱧᱪᱟᱣ ᱮᱱᱟ? ᱨᱤᱯᱳᱨᱴ ᱛᱮ ᱤᱱᱟᱹ ᱛᱟᱭᱚᱢ ᱨᱮᱭᱟᱜ ᱦᱟᱫᱥᱟ ᱛᱟᱲᱟᱝᱚᱜᱼᱟ᱾,native-review-required,,,
nm.submit,yes,Save report,रिपोर्ट सहेजें,ᱨᱤᱯᱳᱨᱴ ᱫᱚᱦᱚ ᱢᱮ,native-review-required,,,
nm.title,yes,Report a near-miss,निकट-दुर्घटना की रिपोर्ट,ᱦᱟᱫᱥᱟ ᱠᱷᱚᱱ ᱵᱟᱧᱪᱟᱣ ᱨᱤᱯᱳᱨᱴ,native-review-required,,,
offline.badge,no,Offline,ऑफ़लाइन,ᱚᱯᱷᱞᱟᱭᱤᱱ,native-review-required,,,
offline.text,no,All training and certificates stay on this phone. No internet needed.,सारा प्रशिक्षण और प्रमाणपत्र इसी फ़ोन पर रहते हैं। इंटरनेट की ज़रूरत नहीं।,ᱡᱚᱛᱚ ᱴᱨᱮᱱᱤᱝ ᱟᱨ ᱥᱟᱹᱴᱤᱯᱷᱤᱠᱮᱴ ᱱᱚᱶᱟ ᱯᱷᱚᱱ ᱨᱮᱜᱮ ᱛᱟᱦᱮᱸᱱᱟ᱾ ᱤᱱᱴᱚᱨᱱᱮᱴ ᱵᱟᱝ ᱞᱟᱹᱠᱛᱤᱭᱟ᱾,native-review-required,,,
offline.title,no,Offline ready,ऑफ़लाइन तैयार,ᱚᱯᱷᱞᱟᱭᱤᱱ ᱛᱮᱭᱟᱨ,native-review-required,,,
passport.attention,no,ATTENTION,ध्यान दें,ᱦᱩᱥᱤᱭᱟᱹᱨ,native-review-required,,,
passport.code,no,Certificate code,प्रमाणपत्र कोड,ᱥᱟᱹᱴᱤᱯᱷᱤᱠᱮᱴ ᱠᱳᱰ,native-review-required,,,
passport.details,no,Certificate details,प्रमाणपत्र का विवरण,ᱥᱟᱹᱴᱤᱯᱷᱤᱠᱮᱴ ᱵᱤᱵᱨᱚᱬ,native-review-required,,,
passport.none,no,NO CERTIFICATE YET,अभी प्रमाणपत्र नहीं,ᱱᱤᱛᱚᱜ ᱥᱟᱹᱴᱤᱯᱷᱤᱠᱮᱴ ᱵᱟᱹᱱᱩᱜᱼᱟ,native-review-required,,,
passport.ppe,no,PPE self-check,PPE स्व-जाँच,PPE ᱟᱡ ᱡᱟᱺᱪ,native-review-required,,,
passport.qrHint,no,Any phone with this app can verify it offline.,इस ऐप वाला कोई भी फ़ोन इसे बिना इंटरनेट जाँच सकता है।,ᱱᱚᱶᱟ ᱮᱯ ᱢᱮᱱᱟᱜ ᱡᱟᱦᱟᱸ ᱯᱷᱚᱱ ᱦᱚᱸ ᱤᱱᱴᱚᱨᱱᱮᱴ ᱵᱤᱱᱟᱹ ᱱᱚᱶᱟ ᱡᱟᱺᱪ ᱫᱟᱲᱮᱭᱟᱜᱼᱟ᱾,native-review-required,,,
passport.role,no,Worker,कर्मचारी,ᱠᱟᱹᱢᱤᱭᱟᱹ,native-review-required,,,
passport.scan,no,Scan at gate,गेट पर स्कैन करें,ᱜᱮᱴ ᱨᱮ ᱥᱠᱮᱱ ᱢᱮ,native-review-required,,,
passport.sub,no,Your digital safety identity,आपकी डिजिटल सुरक्षा पहचान,ᱟᱢᱟᱜ ᱰᱤᱡᱤᱴᱟᱞ ᱨᱩᱠᱷᱤᱭᱟᱹ ᱪᱤᱱᱦᱟᱹ,native-review-required,,,
passport.title,no,Suraksha Passport,सुरक्षा पासपोर्ट,ᱥᱩᱨᱚᱠᱥᱟ ᱯᱟᱥᱯᱚᱨᱴ,native-review-required,,,
passport.training,no,Training completion,प्रशिक्षण पूर्णता,ᱴᱨᱮᱱᱤᱝ ᱯᱩᱨᱟᱹᱣ,native-review-required,,,
passport.verified,no,VERIFIED,सत्यापित,ᱡᱟᱺᱪ ᱦᱩᱭ ᱮᱱᱟ,native-review-required,,,
passport.zone.cleared,no,CLEARED,अनुमति है,ᱦᱩᱠᱩᱢ ᱢᱮᱱᱟᱜᱼᱟ,native-review-required,,,
passport.zone.expires,no,Valid until {date},{date} तक मान्य,{date} ᱦᱟᱹᱵᱤᱡ ᱢᱟᱱᱚᱛ,native-review-required,,,
passport.zone.fire_explosion,no,Fire & explosion areas,आग और विस्फोट क्षेत्र,ᱥᱮᱸᱜᱮᱞ ᱟᱨ ᱵᱤᱥᱯᱷᱚᱴ ᱡᱟᱭᱜᱟ,native-review-required,,,
passport.zone.gas_confined,no,Gas & confined spaces,गैस और सीमित स्थान,ᱜᱮᱥ ᱟᱨ ᱵᱚᱸᱫ ᱡᱟᱭᱜᱟ,native-review-required,,,
passport.zone.needs,no,Pass this module to be cleared,अनुमति के लिए यह मॉड्यूल पास करें,ᱦᱩᱠᱩᱢ ᱞᱟᱹᱜᱤᱫ ᱱᱚᱶᱟ ᱢᱳᱰᱭᱩᱞ ᱯᱟᱥ ᱢᱮ,native-review-required,,,
passport.zone.notCleared,no,NOT CLEARED,अनुमति नहीं,ᱦᱩᱠᱩᱢ ᱵᱟᱹᱱᱩᱜᱼᱟ,native-review-required,,,
passport.zone.refresher,no,REFRESHER DUE,रिफ्रेशर देय,ᱨᱤᱯᱷᱨᱮᱥᱚᱨ ᱵᱟᱠᱤ,native-review-required,,,
passport.zone.rule,no,Demo rule: cleared while the module certificate is valid and no refresher is due.,"डेमो नियम: मॉड्यूल का प्रमाणपत्र मान्य हो और रिफ्रेशर देय न हो, तभी अनुमति।",ᱰᱮᱢᱳ ᱱᱤᱭᱚᱢ: ᱢᱳᱰᱭᱩᱞ ᱥᱟᱹᱴᱤᱯᱷᱤᱠᱮᱴ ᱢᱟᱱᱚᱛ ᱟᱨ ᱨᱤᱯᱷᱨᱮᱥᱚᱨ ᱵᱟᱝ ᱵᱟᱠᱤ ᱠᱷᱟᱱ ᱜᱮ ᱦᱩᱠᱩᱢ᱾,native-review-required,,,
passport.zones,no,Zone clearance,ज़ोन अनुमति,ᱡᱚᱱ ᱦᱩᱠᱩᱢ,native-review-required,,,
ppe.confirm,yes,Save check,जाँच सहेजें,ᱡᱟᱺᱪ ᱫᱚᱦᱚ ᱢᱮ,native-review-required,,,
ppe.history,yes,Recent checks,हाल की जाँच,ᱱᱤᱛᱚᱜ ᱨᱮᱭᱟᱜ ᱡᱟᱺᱪ,native-review-required,,,
ppe.incomplete,yes,Mark every item first.,पहले हर उपकरण चिह्नित करें।,ᱯᱟᱹᱦᱤᱞ ᱡᱚᱛᱚ ᱡᱤᱱᱤᱥ ᱪᱤᱱᱦᱟᱹ ᱢᱮ᱾,native-review-required,,,
ppe.item.gloves,yes,Gloves,दस्ताने,ᱜᱞᱚᱵᱥ,native-review-required,,,
ppe.item.goggles,yes,Eye protection,आँखों की सुरक्षा,ᱢᱮᱫ ᱨᱩᱠᱷᱤᱭᱟᱹ,native-review-required,,,
ppe.item.helmet,yes,Helmet,हेलमेट,ᱦᱮᱞᱢᱮᱴ,native-review-required,,,
ppe.item.shoes,yes,Safety shoes,सेफ़्टी जूते,ᱨᱩᱠᱷᱤᱭᱟᱹ ᱡᱩᱛᱟ,native-review-required,,,
ppe.item.vest,yes,Safety vest,सेफ़्टी जैकेट,ᱨᱩᱠᱷᱤᱭᱟᱹ ᱡᱮᱠᱮᱴ,native-review-required,,,
ppe.last,yes,Last check {date},पिछली जाँच {date},ᱢᱟᱲᱟᱝ ᱡᱟᱺᱪ {date},native-review-required,,,
ppe.result.missing,yes,Do not enter yet,अभी अंदर न जाएँ,ᱱᱤᱛᱚᱜ ᱵᱷᱤᱛᱨᱤ ᱞᱟᱹᱫᱮ ᱟᱞᱚᱢ,native-review-required,,,
ppe.result.missingText,yes,{n} item(s) missing. Fix them before entering the zone.,{n} उपकरण कम हैं। ज़ोन में जाने से पहले ठीक करें।,{n} ᱡᱤᱱᱤᱥ ᱵᱟᱹᱱᱩᱜᱼᱟ᱾ ᱡᱚᱱ ᱵᱷᱤᱛᱨᱤ ᱞᱟᱹᱫᱮ ᱞᱟᱦᱟ ᱨᱮ ᱴᱷᱤᱠ ᱢᱮ᱾,native-review-required,,,
ppe.result.ready,yes,You're ready,आप तैयार हैं,ᱟᱢ ᱛᱮᱭᱟᱨ ᱢᱮᱱᱟᱢᱟ,native-review-required,,,
ppe.result.readyText,yes,All items checked. Stay safe in the zone.,सभी उपकरण जाँचे गए। ज़ोन में सुरक्षित रहें।,ᱡᱚᱛᱚ ᱡᱤᱱᱤᱥ ᱡᱟᱺᱪ ᱮᱱᱟ᱾ ᱡᱚᱱ ᱨᱮ ᱨᱩᱠᱷᱤᱭᱟᱹ ᱛᱮ ᱛᱟᱦᱮᱸᱱ ᱢᱮ᱾,native-review-required,,,
ppe.result.review,yes,Please verify manually,कृपया खुद जाँच करवाएँ,ᱟᱢᱟᱜ ᱴᱨᱮᱱᱟᱨ ᱥᱟᱶᱛᱮ ᱡᱟᱺᱪ ᱢᱮ,native-review-required,,,
ppe.result.reviewText,yes,"Some items are ""not sure"". Ask your trainer to check them; it is queued for review on this device.","कुछ उपकरण ""पक्का नहीं"" हैं। अपने ट्रेनर से जाँच करवाएँ; यह इस फ़ोन पर समीक्षा सूची में है।","ᱛᱤᱱᱟᱹᱜ ᱜᱟᱱ ᱡᱤᱱᱤᱥ ""ᱵᱟᱝ ᱵᱟᱰᱟᱭᱟ"" ᱢᱮᱱᱟᱜᱼᱟ᱾ ᱟᱢᱟᱜ ᱴᱨᱮᱱᱟᱨ ᱥᱟᱶᱛᱮ ᱡᱟᱺᱪ ᱢᱮ; ᱱᱚᱶᱟ ᱯᱷᱚᱱ ᱨᱮ ᱱᱚᱶᱟ ᱡᱟᱺᱪ ᱛᱟᱞᱤᱠᱟ ᱨᱮ ᱢᱮᱱᱟᱜᱼᱟ᱾",native-review-required,,,
ppe.selfNote,yes,Self-check: camera detection is not part of this build. Mark each item honestly.,स्व-जाँच: इस संस्करण में कैमरा पहचान नहीं है। हर उपकरण को ईमानदारी से चिह्नित करें।,ᱟᱡ ᱡᱟᱺᱪ: ᱱᱚᱶᱟ ᱵᱤᱞᱰ ᱨᱮ ᱠᱮᱢᱮᱨᱟ ᱪᱤᱱᱦᱟᱹᱣ ᱵᱟᱹᱱᱩᱜᱼᱟ᱾ ᱡᱚᱛᱚ ᱡᱤᱱᱤᱥ ᱥᱟᱹᱨᱤ ᱛᱮ ᱪᱤᱱᱦᱟᱹ ᱢᱮ᱾,native-review-required,,,
ppe.state.no,yes,Missing,नहीं है,ᱵᱟᱹᱱᱩᱜᱼᱟ,native-review-required,,,
ppe.state.unsure,yes,Not sure,पक्का नहीं,ᱵᱟᱝ ᱵᱟᱰᱟᱭᱟ,native-review-required,,,
ppe.state.yes,yes,Wearing,पहना है,ᱯᱤᱸᱫᱷᱮ ᱟᱠᱟᱫᱟ,native-review-required,,,
ppe.sub,yes,Make sure you're ready before entering the zone.,ज़ोन में जाने से पहले पक्का करें कि आप तैयार हैं।,ᱡᱚᱱ ᱵᱷᱤᱛᱨᱤ ᱞᱟᱹᱫᱮ ᱞᱟᱦᱟ ᱨᱮ ᱟᱢ ᱛᱮᱭᱟᱨ ᱢᱮᱱᱟᱢᱟ ᱥᱮ ᱵᱟᱝ ᱡᱟᱺᱪ ᱢᱮ᱾,native-review-required,,,
ppe.title,yes,PPE Check,PPE जाँच,PPE ᱡᱟᱺᱪ,native-review-required,,,
profile.continue,no,Continue,आगे बढ़ें,ᱞᱟᱦᱟ ᱪᱟᱞᱟᱜ ᱢᱮ,native-review-required,,,
profile.err.idInvalid,no,"Use up to 20 letters, numbers, - or /.","अधिकतम 20 अक्षर, अंक, - या / का उपयोग करें।","20 ᱟᱠᱷᱚᱨ ᱦᱟᱹᱵᱤᱡ, ᱮᱞ, - ᱥᱮ / ᱵᱮᱵᱷᱟᱨ ᱢᱮ᱾",native-review-required,,,
profile.err.idRequired,no,Please enter your worker ID.,कृपया अपनी कर्मचारी आईडी लिखें।,ᱟᱢᱟᱜ ᱠᱟᱹᱢᱤᱭᱟᱹ ID ᱚᱞ ᱢᱮ᱾,native-review-required,,,
profile.err.nameInvalid,no,Use 2–60 letters and spaces.,2–60 अक्षर और स्पेस का उपयोग करें।,2–60 ᱟᱠᱷᱚᱨ ᱟᱨ ᱯᱷᱟᱸᱠ ᱵᱮᱵᱷᱟᱨ ᱢᱮ᱾,native-review-required,,,
profile.err.nameRequired,no,Please enter your name.,कृपया अपना नाम लिखें।,ᱟᱢᱟᱜ ᱧᱩᱛᱩᱢ ᱚᱞ ᱢᱮ᱾,native-review-required,,,
profile.id,no,Worker ID,कर्मचारी आईडी,ᱠᱟᱹᱢᱤᱭᱟᱹ ID,native-review-required,,,
profile.idHint,no,"Letters, numbers, - or / (example: JH-1024)","अक्षर, अंक, - या / (उदाहरण: JH-1024)","ᱟᱠᱷᱚᱨ, ᱮᱞ, - ᱥᱮ / (ᱫᱟᱹᱭᱠᱟᱹ: JH-1024)",native-review-required,,,
profile.name,no,Worker Name,कर्मचारी का नाम,ᱠᱟᱹᱢᱤᱭᱟᱹ ᱧᱩᱛᱩᱢ,native-review-required,,,
profile.privacy,no,"Only your name and worker ID are saved, on this phone only.","केवल आपका नाम और कर्मचारी आईडी, सिर्फ़ इसी फ़ोन पर सहेजे जाते हैं।","ᱠᱷᱟᱹᱞᱤ ᱟᱢᱟᱜ ᱧᱩᱛᱩᱢ ᱟᱨ ᱠᱟᱹᱢᱤᱭᱟᱹ ID, ᱱᱚᱶᱟ ᱯᱷᱚᱱ ᱨᱮᱜᱮ ᱫᱚᱦᱚᱜᱼᱟ᱾",native-review-required,,,
profile.title,no,Worker details,कर्मचारी विवरण,ᱠᱟᱹᱢᱤᱭᱟᱹ ᱵᱤᱵᱨᱚᱬ,native-review-required,,,
quick.ar,no,Start AR training,AR प्रशिक्षण शुरू करें,AR ᱴᱨᱮᱱᱤᱝ ᱮᱦᱚᱵ ᱢᱮ,native-review-required,,,
quick.drill,no,Pressure drill,दबाव अभ्यास,ᱫᱟᱵᱟᱣ ᱟᱵᱷᱭᱟᱥ,native-review-required,,,
quick.ppe,no,PPE check,PPE जाँच,PPE ᱡᱟᱺᱪ,native-review-required,,,
quick.sos,no,Emergency SOS,आपातकालीन SOS,ᱤᱢᱟᱨᱡᱮᱱᱥᱤ SOS,native-review-required,,,
replay.again,no,Replay again,फिर से रीप्ले,ᱫᱚᱦᱲᱟ ᱨᱤᱯᱞᱮ,native-review-required,,,
replay.ask,no,What would you do?,आप क्या करेंगे?,ᱟᱢ ᱪᱮᱫ ᱠᱟᱹᱢᱤ ᱟᱢ?,native-review-required,,,
replay.avgTime,no,Average decision time {s} s,औसत फ़ैसला समय {s} सेकंड,ᱥᱟᱫᱷᱟᱨᱚᱬ ᱵᱟᱪᱷᱟᱣ ᱚᱠᱛᱚ {s} ᱥᱮᱠᱮᱱᱰ,native-review-required,,,
replay.choose,no,Choose a scenario,एक स्थिति चुनें,ᱢᱤᱫᱴᱟᱹᱝ ᱦᱟᱹᱞᱚᱛ ᱵᱟᱪᱷᱟᱣ ᱢᱮ,native-review-required,,,
replay.done,no,Replay complete,रीप्ले पूरा,ᱨᱤᱯᱞᱮ ᱯᱩᱨᱟᱹᱣ ᱮᱱᱟ,native-review-required,,,
replay.doneText,no,You chose safely {n} of {total} times.,आपने {total} में से {n} बार सुरक्षित चुना।,ᱟᱢ {total} ᱠᱷᱚᱱ {n} ᱫᱷᱟᱣ ᱨᱩᱠᱷᱤᱭᱟᱹ ᱵᱟᱪᱷᱟᱣ ᱠᱮᱫᱟ᱾,native-review-required,,,
replay.finish,no,See summary,सारांश देखें,ᱥᱟᱨᱟᱝᱥ ᱧᱮᱞ ᱢᱮ,native-review-required,,,
replay.moment,no,Critical decision {n} of {total},महत्वपूर्ण फ़ैसला {n} / {total},ᱢᱚᱦᱚᱛ ᱵᱟᱪᱷᱟᱣ {n} / {total},native-review-required,,,
replay.next,no,Next moment,अगला पल,ᱤᱱᱟᱹ ᱛᱟᱭᱚᱢ,native-review-required,,,
replay.note,no,Practice only: not scored and never issues a certificate.,केवल अभ्यास: स्कोर नहीं होता और प्रमाणपत्र नहीं मिलता।,ᱠᱷᱟᱹᱞᱤ ᱟᱵᱷᱭᱟᱥ: ᱱᱚᱢᱵᱚᱨ ᱵᱟᱝ ᱧᱟᱢᱚᱜᱼᱟ ᱟᱨ ᱥᱟᱹᱴᱤᱯᱷᱤᱠᱮᱴ ᱦᱚᱸ ᱵᱟᱝ ᱧᱟᱢᱚᱜᱼᱟ᱾,native-review-required,,,
replay.safe,no,Safe decision,सुरक्षित फ़ैसला,ᱨᱩᱠᱷᱤᱭᱟᱹ ᱵᱟᱪᱷᱟᱣ,native-review-required,,,
replay.sub,no,Understand the decision that changed the outcome.,उस फ़ैसले को समझें जिसने नतीजा बदल दिया।,"ᱡᱟᱦᱟᱸ ᱵᱟᱪᱷᱟᱣ ᱯᱷᱚᱞ ᱵᱚᱫᱚᱞ ᱠᱮᱫᱟ, ᱚᱱᱟ ᱵᱩᱡᱷᱟᱹᱣ ᱢᱮ᱾",native-review-required,,,
replay.timeUp,no,Time's up. Hesitating is a decision too.,समय खत्म। हिचकिचाना भी एक फ़ैसला है।,ᱚᱠᱛᱚ ᱢᱩᱪᱟᱹᱫ᱾ ᱛᱤᱝᱜᱩ ᱛᱟᱦᱮᱸᱱ ᱦᱚᱸ ᱢᱤᱫᱴᱟᱹᱝ ᱵᱟᱪᱷᱟᱣ ᱜᱮᱭᱟ᱾,native-review-required,,,
replay.title,no,Haadsa Replay,हादसा रीप्ले,ᱦᱟᱫᱥᱟ ᱨᱤᱯᱞᱮ,native-review-required,,,
replay.unsafe,no,This decision leads to an accident,यह फ़ैसला हादसे की ओर ले जाता है,ᱱᱚᱶᱟ ᱵᱟᱪᱷᱟᱣ ᱦᱟᱫᱥᱟ ᱥᱮᱫ ᱤᱫᱤᱭᱟ,native-review-required,,,
res.excellent,no,Excellent · every step safe,उत्कृष्ट · हर चरण सुरक्षित,ᱟᱹᱰᱤ ᱵᱮᱥ · ᱡᱚᱛᱚ ᱫᱷᱟᱯ ᱨᱩᱠᱷᱤᱭᱟᱹ,native-review-required,,,
res.good,no,Strong performance,अच्छा प्रदर्शन,ᱵᱮᱥ ᱠᱟᱹᱢᱤ,native-review-required,,,
res.metric.accuracy,no,Accuracy,सटीकता,ᱴᱷᱤᱠ ᱛᱮᱞᱟ,native-review-required,,,
res.metric.mistakes,no,Mistakes,गलतियाँ,ᱵᱷᱩᱞ,native-review-required,,,
res.metric.safe,no,Safe choices,सुरक्षित विकल्प,ᱨᱩᱠᱷᱤᱭᱟᱹ ᱵᱟᱪᱷᱟᱣ,native-review-required,,,
res.metric.time,no,Time taken,लगा समय,ᱞᱟᱜᱟᱣ ᱚᱠᱛᱚ,native-review-required,,,
res.passport,no,View passport,पासपोर्ट देखें,ᱯᱟᱥᱯᱚᱨᱴ ᱧᱮᱞ ᱢᱮ,native-review-required,,,
res.practice,no,Keep practising,अभ्यास जारी रखें,ᱟᱵᱷᱭᱟᱥ ᱞᱟᱦᱟ ᱪᱟᱞᱟᱜ ᱢᱮ,native-review-required,,,
res.practiceAgain,no,Practise the steps you missed with a replay.,छूटे हुए चरणों का रीप्ले से अभ्यास करें।,ᱵᱷᱩᱞ ᱫᱷᱟᱯ ᱠᱚ ᱨᱤᱯᱞᱮ ᱛᱮ ᱟᱵᱷᱭᱟᱥ ᱢᱮ᱾,native-review-required,,,
res.replayCta,no,Start practice replay,अभ्यास रीप्ले शुरू करें,ᱟᱵᱷᱭᱟᱥ ᱨᱤᱯᱞᱮ ᱮᱦᱚᱵ ᱢᱮ,native-review-required,,,
res.timeMin,no,{m} min {s} s,{m} मिनट {s} सेकंड,{m} ᱢᱤᱱᱤᱴ {s} ᱥᱮᱠᱮᱱᱰ,native-review-required,,,
res.timeSec,no,{s} s,{s} सेकंड,{s} ᱥᱮᱠᱮᱱᱰ,native-review-required,,,
res.wellDone,no,You chose the safe action every time.,आपने हर बार सुरक्षित कदम चुना।,ᱟᱢ ᱡᱚᱛᱚ ᱫᱷᱟᱣ ᱨᱩᱠᱷᱤᱭᱟᱹ ᱠᱟᱹᱢᱤ ᱵᱟᱪᱷᱟᱣ ᱠᱮᱫᱟ᱾,native-review-required,,,
result.failed,no,NOT PASSED,अनुत्तीर्ण,ᱯᱟᱥ ᱵᱟᱝ,native-review-required,audio/sat/common/sat_result_failed.ogg,recording-pending,ef710c40770f
result.getCert,no,Get Certificate,प्रमाणपत्र लें,ᱥᱟᱹᱴᱤᱯᱷᱤᱠᱮᱴ ᱤᱫᱤ ᱢᱮ,native-review-required,,,
result.module,no,Module,मॉड्यूल,ᱢᱳᱰᱭᱩᱞ,native-review-required,,,
result.none,no,No result yet. Complete a training module first.,अभी कोई परिणाम नहीं। पहले एक प्रशिक्षण मॉड्यूल पूरा करें।,ᱱᱤᱛᱚᱜ ᱡᱟᱦᱟᱸ ᱯᱷᱚᱞ ᱵᱟᱹᱱᱩᱜᱼᱟ᱾ ᱯᱟᱹᱦᱤᱞ ᱢᱤᱫᱴᱟᱹᱝ ᱴᱨᱮᱱᱤᱝ ᱢᱳᱰᱭᱩᱞ ᱯᱩᱨᱟᱹᱣ ᱢᱮ᱾,native-review-required,,,
result.passMark,no,Pass mark: {mark},उत्तीर्ण अंक: {mark},ᱯᱟᱥ ᱱᱚᱢᱵᱚᱨ: {mark},native-review-required,,,
result.passed,no,PASSED,उत्तीर्ण,ᱯᱟᱥ,native-review-required,audio/sat/common/sat_result_passed.ogg,recording-pending,f44b81526d4a
result.retry,no,Train Again,फिर से प्रशिक्षण लें,ᱫᱚᱦᱲᱟ ᱴᱨᱮᱱᱤᱝ ᱢᱮ,native-review-required,,,
result.score,no,Score,अंक,ᱱᱚᱢᱵᱚᱨ,native-review-required,,,
result.title,no,Result,परिणाम,ᱯᱷᱚᱞ,native-review-required,,,
result.worker,no,Worker,कर्मचारी,ᱠᱟᱹᱢᱤᱭᱟᱹ,native-review-required,,,
result.wrong,no,Wrong answers,गलत उत्तर,ᱵᱷᱩᱞ ᱛᱮᱞᱟ,native-review-required,,,
result.wrongOf,no,{wrong} of {steps},{steps} में से {wrong},{steps} ᱠᱷᱚᱱ {wrong},native-review-required,,,
retention.due,no,Refresher Due,पुनश्चर्या (रिफ्रेशर) बाकी,ᱨᱤᱯᱷᱨᱮᱥᱚᱨ ᱵᱟᱠᱤ,native-review-required,,,
retention.lastTraining,no,Last training {days} day(s) ago,पिछला प्रशिक्षण {days} दिन पहले,ᱢᱟᱲᱟᱝ ᱴᱨᱮᱱᱤᱝ {days} ᱢᱟᱦᱟᱸ ᱞᱟᱦᱟᱨᱮ,native-review-required,,,
retention.nextIn,no,Refresher in {days} day(s),{days} दिन में पुनश्चर्या,{days} ᱢᱟᱦᱟᱸ ᱛᱟᱭᱚᱢ ᱨᱤᱯᱷᱨᱮᱥᱚᱨ,native-review-required,,,
retention.none,no,Complete a module to start tracking.,ट्रैकिंग शुरू करने के लिए एक मॉड्यूल पूरा करें।,ᱴᱨᱮᱠᱤᱝ ᱮᱦᱚᱵ ᱞᱟᱹᱜᱤᱫ ᱢᱤᱫᱴᱟᱹᱝ ᱢᱳᱰᱭᱩᱞ ᱯᱩᱨᱟᱹᱣ ᱢᱮ᱾,native-review-required,,,
retention.risk,no,Risk {risk}/100,जोखिम {risk}/100,ᱡᱚᱠᱷᱤᱢ {risk}/100,native-review-required,,,
retention.title,no,Retention Guard,रिटेंशन गार्ड,ᱨᱤᱴᱮᱱᱥᱚᱱ ᱜᱟᱨᱰ,native-review-required,,,
risk.amber,no,Amber · medium risk,पीला · मध्यम जोखिम,ᱥᱟᱥᱟᱝ · ᱛᱟᱞᱟ ᱡᱚᱠᱷᱤᱢ,native-review-required,,,
risk.green,no,Green · low risk,हरा · कम जोखिम,ᱦᱟᱹᱨᱭᱟᱹᱲ · ᱠᱚᱢ ᱡᱚᱠᱷᱤᱢ,native-review-required,,,
risk.red,no,Red · high risk,लाल · अधिक जोखिम,ᱟᱨᱟᱜ · ᱵᱮᱥᱤ ᱡᱚᱠᱷᱤᱢ,native-review-required,,,
sat.notice,no,Santali text is a provisional draft awaiting native-speaker review. Safety instructions also show the Hindi original.,"संताली पाठ अस्थायी मसौदा है, मूल वक्ता की समीक्षा बाकी है। सुरक्षा निर्देशों के साथ हिन्दी मूल पाठ भी दिखाया गया है।","ᱥᱟᱱᱛᱟᱲᱤ ᱚᱞ ᱫᱚ ᱠᱟᱸᱪᱟ (ᱯᱨᱚᱵᱷᱤᱡᱚᱱᱟᱞ) ᱠᱟᱱᱟ, ᱥᱟᱱᱛᱟᱲᱤ ᱨᱚᱲᱤᱭᱟᱹ ᱦᱚᱛᱮᱛᱮ ᱡᱟᱺᱪ ᱵᱟᱠᱤ ᱢᱮᱱᱟᱜᱼᱟ᱾ ᱨᱩᱠᱷᱤᱭᱟᱹ ᱚᱞ ᱥᱟᱶᱛᱮ ᱦᱤᱱᱫᱤ ᱢᱩᱞ ᱚᱞ ᱦᱚᱸ ᱩᱫᱩᱜ ᱠᱟᱱᱟ᱾",native-review-required,,,
sat.reference,no,Hindi original,हिन्दी मूल पाठ,ᱦᱤᱱᱫᱤ ᱢᱩᱞ ᱚᱞ,native-review-required,,,
scn.fire_01_exit.opt.exit_sign,yes,Follow the Exit sign,निकास (Exit) चिह्न के पीछे जाएँ,ᱚᱰᱚᱠ ᱦᱚᱨ (Exit) ᱪᱤᱱᱦᱟᱹ ᱛᱟᱭᱚᱢ ᱛᱮ ᱪᱟᱞᱟᱜ ᱢᱮ,native-review-required,,,
scn.fire_01_exit.opt.lift,yes,Take the lift,लिफ़्ट से जाएँ,ᱞᱤᱯᱷᱴ ᱛᱮ ᱪᱟᱞᱟᱜ ᱢᱮ,native-review-required,,,
scn.fire_01_exit.opt.window,yes,Climb out of a window,खिड़की से बाहर कूदें,ᱡᱷᱚᱨᱠᱟ ᱛᱮ ᱵᱟᱦᱨᱮ ᱚᱰᱚᱠ ᱢᱮ,native-review-required,,,
scn.fire_01_exit.prompt,yes,Fire alarm! Which way do you leave the building?,आग का अलार्म! आप इमारत से किस रास्ते बाहर निकलेंगे?,ᱥᱮᱸᱜᱮᱞ ᱮᱞᱟᱨᱢ! ᱚᱠᱟ ᱦᱚᱨ ᱛᱮ ᱟᱢ ᱵᱤᱞᱰᱤᱝ ᱠᱷᱚᱱ ᱵᱟᱦᱨᱮ ᱚᱰᱚᱠᱟᱢ?,native-review-required,audio/sat/fire/sat_fire_exit_prompt.ogg,recording-pending,d7d1f8560add
scn.fire_01_exit.why,yes,Always use the marked exit route. Lifts can stop during a fire and windows are not safe exits.,हमेशा चिह्नित निकास मार्ग का उपयोग करें। आग में लिफ़्ट रुक सकती है और खिड़की सुरक्षित रास्ता नहीं है।,ᱡᱟᱦᱟᱸ ᱚᱠᱛᱚ ᱦᱚᱸ ᱪᱤᱱᱦᱟᱹ ᱢᱮᱱᱟᱜ ᱚᱰᱚᱠ ᱦᱚᱨ ᱵᱮᱵᱷᱟᱨ ᱢᱮ᱾ ᱥᱮᱸᱜᱮᱞ ᱚᱠᱛᱚ ᱞᱤᱯᱷᱴ ᱛᱤᱝᱜᱩ ᱫᱟᱲᱮᱭᱟᱜᱼᱟ ᱟᱨ ᱡᱷᱚᱨᱠᱟ ᱫᱚ ᱨᱩᱠᱷᱤᱭᱟᱹ ᱦᱚᱨ ᱵᱟᱝ ᱠᱟᱱᱟ᱾,native-review-required,audio/sat/fire/sat_fire_exit_why.ogg,recording-pending,0c063f92a298
scn.fire_02_extinguisher.opt.co2,yes,CO₂ extinguisher,CO₂ अग्निशामक,CO₂ ᱥᱮᱸᱜᱮᱞ ᱧᱤᱵᱷᱟᱹᱣ ᱡᱚᱱᱛᱨᱚ,native-review-required,,,
scn.fire_02_extinguisher.opt.foam,yes,Foam,फ़ोम,ᱯᱷᱚᱢ,native-review-required,,,
scn.fire_02_extinguisher.opt.water,yes,Water,पानी,ᱫᱟᱜ,native-review-required,,,
scn.fire_02_extinguisher.prompt,yes,An electrical panel is on fire. Which extinguisher do you use?,बिजली के पैनल में आग लगी है। आप कौन सा अग्निशामक इस्तेमाल करेंगे?,ᱵᱤᱡᱞᱤ ᱯᱮᱱᱮᱞ ᱨᱮ ᱥᱮᱸᱜᱮᱞ ᱞᱟᱜᱟᱣ ᱮᱱᱟ᱾ ᱚᱠᱟ ᱥᱮᱸᱜᱮᱞ ᱧᱤᱵᱷᱟᱹᱣ ᱡᱚᱱᱛᱨᱚ ᱵᱮᱵᱷᱟᱨ ᱟᱢ?,native-review-required,audio/sat/fire/sat_fire_extinguisher_prompt.ogg,recording-pending,04cfc17ff9ee
scn.fire_02_extinguisher.why,yes,Use CO₂ on electrical fires. Water and foam conduct electricity and can give an electric shock.,"बिजली की आग पर CO₂ का उपयोग करें। पानी और फ़ोम में बिजली बहती है, इससे करंट लग सकता है।","ᱵᱤᱡᱞᱤ ᱥᱮᱸᱜᱮᱞ ᱨᱮ CO₂ ᱵᱮᱵᱷᱟᱨ ᱢᱮ᱾ ᱫᱟᱜ ᱟᱨ ᱯᱷᱚᱢ ᱛᱮ ᱵᱤᱡᱞᱤ ᱪᱟᱞᱟᱜᱼᱟ, ᱚᱱᱟ ᱛᱮ ᱵᱤᱡᱞᱤ ᱡᱷᱟᱴᱠᱟ ᱦᱩᱭ ᱫᱟᱲᱮᱭᱟᱜᱼᱟ᱾",native-review-required,audio/sat/fire/sat_fire_extinguisher_why.ogg,recording-pending,907a3bc2d9db
scn.fire_03_smoke.opt.crawl_low,yes,Crawl low under the smoke,धुएँ के नीचे झुककर रेंगें,ᱫᱷᱩᱸᱣᱟᱹ ᱞᱟᱛᱟᱨ ᱛᱮ ᱞᱟᱛᱟᱨ ᱦᱩᱭ ᱠᱟᱛᱮ ᱪᱟᱞᱟᱜ ᱢᱮ,native-review-required,,,
scn.fire_03_smoke.opt.go_back,yes,Go back inside,वापस अंदर जाएँ,ᱫᱚᱦᱲᱟ ᱵᱷᱤᱛᱨᱤ ᱨᱩᱣᱟᱹᱲ ᱢᱮ,native-review-required,,,
scn.fire_03_smoke.opt.run_upright,yes,Run standing upright,सीधे खड़े होकर दौड़ें,ᱛᱤᱝᱜᱩ ᱠᱟᱛᱮ ᱫᱟᱹᱲ ᱢᱮ,native-review-required,,,
scn.fire_03_smoke.prompt,yes,The corridor is filling with smoke. How do you move?,गलियारे में धुआँ भर रहा है। आप कैसे आगे बढ़ेंगे?,ᱜᱟᱞᱤ ᱨᱮ ᱫᱷᱩᱸᱣᱟᱹ ᱯᱮᱨᱮᱡ ᱠᱟᱱᱟ᱾ ᱟᱢ ᱪᱮᱫ ᱞᱮᱠᱟ ᱪᱟᱞᱟᱜᱟᱢ?,native-review-required,audio/sat/fire/sat_fire_smoke_prompt.ogg,recording-pending,1f4c6e6ea104
scn.fire_03_smoke.why,yes,Cleaner air stays near the floor. Keep low and keep moving to the exit.,साफ़ हवा फ़र्श के पास रहती है। नीचे झुके रहें और निकास की ओर बढ़ते रहें।,ᱥᱟᱯᱷᱟ ᱦᱚᱭ ᱚᱛ ᱴᱷᱮᱱ ᱛᱟᱦᱮᱸᱱᱟ᱾ ᱞᱟᱛᱟᱨ ᱛᱮ ᱛᱟᱦᱮᱸᱱ ᱠᱟᱛᱮ ᱚᱰᱚᱠ ᱦᱚᱨ ᱥᱮᱫ ᱪᱟᱞᱟᱜ ᱛᱟᱦᱮᱸᱱ ᱢᱮ᱾,native-review-required,audio/sat/fire/sat_fire_smoke_why.ogg,recording-pending,13af7ffbb5e4
scn.gas_01_zone.opt.office,yes,Office,कार्यालय,ᱚᱯᱷᱤᱥ,native-review-required,,,
scn.gas_01_zone.opt.open_area,yes,Open area,खुला क्षेत्र,ᱠᱷᱚᱞᱟ ᱡᱟᱭᱜᱟ,native-review-required,,,
scn.gas_01_zone.opt.red_zone,yes,Red leak zone,लाल रिसाव क्षेत्र,ᱟᱨᱟᱜ ᱞᱤᱠ ᱡᱚᱱ,native-review-required,,,
scn.gas_01_zone.prompt,yes,A gas alarm is sounding. Which area is the gas hazard zone?,गैस का अलार्म बज रहा है। गैस खतरे का क्षेत्र कौन सा है?,ᱜᱮᱥ ᱮᱞᱟᱨᱢ ᱨᱟᱜ ᱠᱟᱱᱟ᱾ ᱚᱠᱟ ᱡᱟᱭᱜᱟ ᱫᱚ ᱜᱮᱥ ᱵᱤᱯᱚᱫ ᱡᱚᱱ ᱠᱟᱱᱟ?,native-review-required,audio/sat/gas/sat_gas_zone_prompt.ogg,recording-pending,0bf8d222e398
scn.gas_01_zone.why,yes,The red-marked zone is where the gas is leaking. Stay out and warn others.,लाल चिह्नित क्षेत्र में गैस रिस रही है। उससे दूर रहें और दूसरों को सावधान करें।,ᱟᱨᱟᱜ ᱪᱤᱱᱦᱟᱹ ᱡᱚᱱ ᱨᱮ ᱜᱮᱥ ᱞᱤᱠ ᱦᱩᱭ ᱠᱟᱱᱟ᱾ ᱚᱱᱟ ᱠᱷᱚᱱ ᱥᱟᱸᱝᱜᱤᱧ ᱛᱟᱦᱮᱸᱱ ᱢᱮ ᱟᱨ ᱮᱴᱟᱜ ᱦᱚᱲ ᱠᱚ ᱦᱩᱥᱤᱭᱟᱹᱨ ᱢᱮ᱾,native-review-required,audio/sat/gas/sat_gas_zone_why.ogg,recording-pending,7b9a4ee9ee00
scn.gas_02_ppe.opt.cap_gloves,yes,Cap + gloves,टोपी + दस्ताने,ᱴᱩᱯᱤ + ᱜᱞᱚᱵᱥ,native-review-required,,,
scn.gas_02_ppe.opt.detector_breathing,yes,Gas detector + breathing set,गैस डिटेक्टर + श्वास उपकरण,ᱜᱮᱥ ᱰᱤᱴᱮᱠᱴᱚᱨ + ᱥᱟᱦᱮᱫ ᱡᱚᱱᱛᱨᱚ,native-review-required,,,
scn.gas_02_ppe.opt.no_ppe,yes,No PPE,कोई सुरक्षा उपकरण नहीं,ᱡᱟᱦᱟᱸ ᱨᱩᱠᱷᱤᱭᱟᱹ ᱡᱚᱱᱛᱨᱚ ᱵᱟᱝ,native-review-required,,,
scn.gas_02_ppe.prompt,yes,You must enter a confined space. What do you wear?,आपको एक सीमित स्थान (टैंक/गड्ढा) में जाना है। आप क्या पहनेंगे?,ᱟᱢ ᱢᱤᱫᱴᱟᱹᱝ ᱵᱚᱸᱫ ᱡᱟᱭᱜᱟ (ᱴᱮᱝᱠ/ᱜᱟᱰᱟ) ᱵᱷᱤᱛᱨᱤ ᱞᱟᱹᱫᱮ ᱞᱟᱹᱠᱛᱤᱭᱟ᱾ ᱪᱮᱫ ᱯᱤᱸᱫᱷᱮ ᱞᱟᱹᱠᱛᱤᱭᱟ?,native-review-required,audio/sat/gas/sat_gas_ppe_prompt.ogg,recording-pending,d83411c39bb2
scn.gas_02_ppe.why,yes,A confined space can have toxic gas or too little oxygen. Carry a gas detector and wear a breathing set.,सीमित स्थान में ज़हरीली गैस या कम ऑक्सीजन हो सकती है। गैस डिटेक्टर रखें और श्वास उपकरण पहनें।,ᱵᱚᱸᱫ ᱡᱟᱭᱜᱟ ᱨᱮ ᱵᱤᱥ ᱜᱮᱥ ᱥᱮ ᱠᱚᱢ ᱚᱠᱥᱤᱡᱮᱱ ᱛᱟᱦᱮᱸᱱ ᱫᱟᱲᱮᱭᱟᱜᱼᱟ᱾ ᱜᱮᱥ ᱰᱤᱴᱮᱠᱴᱚᱨ ᱥᱟᱶᱛᱮ ᱤᱫᱤ ᱢᱮ ᱟᱨ ᱥᱟᱦᱮᱫ ᱡᱚᱱᱛᱨᱚ ᱯᱤᱸᱫᱷᱮ ᱢᱮ᱾,native-review-required,audio/sat/gas/sat_gas_ppe_why.ogg,recording-pending,ff4978ae46e8
scn.gas_03_buddy.opt.attendant,yes,A standby attendant,एक स्टैंडबाय अटेंडेंट (सहायक),ᱢᱤᱫᱦᱚᱲ ᱥᱴᱮᱱᱰᱵᱟᱭ ᱮᱴᱮᱱᱰᱮᱱᱴ (ᱜᱚᱲᱚᱭᱤᱭᱟᱹ),native-review-required,,,
scn.gas_03_buddy.opt.nobody,yes,Nobody,कोई नहीं,ᱡᱟᱦᱟᱸᱭ ᱦᱚᱸ ᱵᱟᱝ,native-review-required,,,
scn.gas_03_buddy.opt.phone_later,yes,Call someone later,बाद में किसी को फ़ोन करेंगे,ᱛᱟᱭᱚᱢ ᱛᱮ ᱡᱟᱦᱟᱸᱭ ᱥᱮ ᱯᱷᱚᱱ ᱢᱮ,native-review-required,,,
scn.gas_03_buddy.prompt,yes,Who must stay outside while you work in the confined space?,"जब आप सीमित स्थान के अंदर काम करें, तब बाहर किसे रहना चाहिए?",ᱟᱢ ᱵᱚᱸᱫ ᱡᱟᱭᱜᱟ ᱵᱷᱤᱛᱨᱤ ᱠᱟᱹᱢᱤ ᱚᱠᱛᱚ ᱚᱠᱚᱭ ᱵᱟᱦᱨᱮ ᱛᱟᱦᱮᱸᱱ ᱞᱟᱹᱠᱛᱤᱭᱟ?,native-review-required,audio/sat/gas/sat_gas_buddy_prompt.ogg,recording-pending,1ded78ead526
scn.gas_03_buddy.why,yes,A standby attendant watches you the whole time and raises the alarm at once if something goes wrong.,स्टैंडबाय अटेंडेंट पूरे समय आप पर नज़र रखता है और कुछ गलत होने पर तुरंत अलार्म देता है।,ᱥᱴᱮᱱᱰᱵᱟᱭ ᱮᱴᱮᱱᱰᱮᱱᱴ ᱡᱚᱛᱚ ᱚᱠᱛᱚ ᱟᱢ ᱪᱮᱛᱟᱱ ᱧᱮᱞ ᱛᱟᱦᱮᱸᱱᱟ ᱟᱨ ᱡᱩᱫᱤ ᱪᱮᱫ ᱦᱚᱸ ᱵᱷᱩᱞ ᱦᱩᱭᱩᱜ ᱠᱷᱟᱱ ᱡᱷᱟᱴ ᱛᱮ ᱮᱞᱟᱨᱢ ᱮᱢᱟ᱾,native-review-required,audio/sat/gas/sat_gas_buddy_why.ogg,recording-pending,390ff460f45e
sos.ask,yes,What happened?,क्या हुआ?,ᱪᱮᱫ ᱦᱩᱭ ᱮᱱᱟ?,native-review-required,,,
sos.confirmTitle,yes,Log this emergency?,यह आपातकाल दर्ज करें?,ᱱᱚᱶᱟ ᱤᱢᱟᱨᱡᱮᱱᱥᱤ ᱚᱞ ᱫᱚᱦᱚ ᱟᱢ?,native-review-required,,,
sos.history,yes,Emergency log,आपातकाल रिकॉर्ड,ᱤᱢᱟᱨᱡᱮᱱᱥᱤ ᱨᱮᱠᱚᱨᱰ,native-review-required,,,
sos.location,yes,Location,स्थान,ᱡᱟᱭᱜᱟ,native-review-required,,,
sos.locationNone,yes,Not available in this build,इस संस्करण में उपलब्ध नहीं,ᱱᱚᱶᱟ ᱵᱤᱞᱰ ᱨᱮ ᱵᱟᱹᱱᱩᱜᱼᱟ,native-review-required,,,
sos.log,yes,Log emergency,आपातकाल दर्ज करें,ᱤᱢᱟᱨᱡᱮᱱᱥᱤ ᱚᱞ ᱫᱚᱦᱚ ᱢᱮ,native-review-required,,,
sos.logged,yes,Emergency logged,आपातकाल दर्ज हुआ,ᱤᱢᱟᱨᱡᱮᱱᱥᱤ ᱚᱞ ᱫᱚᱦᱚ ᱮᱱᱟ,native-review-required,,,
sos.loggedText,yes,Now get help in person: alert your supervisor and follow the site emergency plan.,अब खुद मदद लें: अपने सुपरवाइज़र को बताएँ और साइट की आपात योजना अपनाएँ।,ᱱᱤᱛᱚᱜ ᱟᱡ ᱛᱮ ᱜᱚᱲᱚ ᱧᱟᱢ ᱢᱮ: ᱟᱢᱟᱜ ᱥᱩᱯᱚᱨᱵᱟᱭᱡᱚᱨ ᱞᱟᱹᱭ ᱟᱨ ᱠᱟᱹᱢᱤ ᱡᱟᱭᱜᱟ ᱨᱮᱭᱟᱜ ᱤᱢᱟᱨᱡᱮᱱᱥᱤ ᱯᱞᱟᱱ ᱢᱟᱱᱟᱣ ᱢᱮ᱾,native-review-required,,,
sos.proto,yes,"Prototype: this build has no network, so nothing leaves this phone. Shout for help and follow your site emergency plan.","प्रोटोटाइप: इस संस्करण में नेटवर्क नहीं है, इसलिए कुछ भी फ़ोन से बाहर नहीं जाता। मदद के लिए आवाज़ लगाएँ और साइट की आपात योजना अपनाएँ।","ᱯᱨᱳᱴᱳᱴᱟᱭᱤᱯ: ᱱᱚᱶᱟ ᱵᱤᱞᱰ ᱨᱮ ᱱᱮᱴᱣᱟᱨᱠ ᱵᱟᱹᱱᱩᱜᱼᱟ, ᱚᱱᱟ ᱛᱮ ᱡᱟᱦᱟᱸ ᱦᱚᱸ ᱯᱷᱚᱱ ᱠᱷᱚᱱ ᱵᱟᱝ ᱪᱟᱞᱟᱜᱼᱟ᱾ ᱜᱚᱲᱚ ᱞᱟᱹᱜᱤᱫ ᱦᱩᱦᱟᱹ ᱨᱟᱜ ᱢᱮ ᱟᱨ ᱠᱟᱹᱢᱤ ᱡᱟᱭᱜᱟ ᱨᱮᱭᱟᱜ ᱤᱢᱟᱨᱡᱮᱱᱥᱤ ᱯᱞᱟᱱ ᱢᱟᱱᱟᱣ ᱢᱮ᱾",native-review-required,,,
sos.status,yes,Status,स्थिति,ᱦᱟᱹᱞᱚᱛ,native-review-required,,,
sos.statusLogged,yes,Logged on this phone · not sent,इस फ़ोन पर दर्ज · भेजा नहीं गया,ᱱᱚᱶᱟ ᱯᱷᱚᱱ ᱨᱮ ᱚᱞ ᱫᱚᱦᱚ · ᱵᱟᱝ ᱠᱩᱞ ᱟᱠᱟᱱᱟ,native-review-required,,,
sos.time,yes,Time,समय,ᱚᱠᱛᱚ,native-review-required,,,
sos.title,yes,Emergency Assistance,आपातकालीन सहायता,ᱤᱢᱟᱨᱡᱮᱱᱥᱤ ᱜᱚᱲᱚ,native-review-required,,,
sos.type.equipment,yes,Equipment accident,मशीन दुर्घटना,ᱢᱮᱥᱤᱱ ᱦᱟᱫᱥᱟ,native-review-required,,,
sos.type.fire,yes,Fire,आग,ᱥᱮᱸᱜᱮᱞ,native-review-required,,,
sos.type.gas,yes,Gas leak,गैस रिसाव,ᱜᱮᱥ ᱞᱤᱠ,native-review-required,,,
sos.type.injury,yes,Injury,चोट,ᱦᱟᱹᱥᱩ,native-review-required,,,
sos.type.other,yes,Other,अन्य,ᱮᱴᱟᱜ,native-review-required,,,
sos.worker,yes,Worker ID,कर्मचारी आईडी,ᱠᱟᱹᱢᱤᱭᱟᱹ ID,native-review-required,,,
tab.home,no,Home,होम,ᱚᱲᱟᱜ,native-review-required,,,
tab.label,no,Main navigation,मुख्य नेविगेशन,ᱢᱩᱬᱩᱛ ᱦᱚᱨ ᱩᱫᱩᱜ,native-review-required,,,
tab.me,no,Profile,प्रोफ़ाइल,ᱯᱨᱳᱯᱷᱟᱭᱤᱞ,native-review-required,,,
tab.passport,no,Passport,पासपोर्ट,ᱯᱟᱥᱯᱚᱨᱴ,native-review-required,,,
tab.train,no,Train,प्रशिक्षण,ᱴᱨᱮᱱᱤᱝ,native-review-required,,,
tab.verify,no,Verify,जाँचें,ᱡᱟᱺᱪ,native-review-required,,,
theme.dark,no,Dark,गहरा,ᱧᱩᱛ,native-review-required,,,
theme.light,no,Light,हल्का,ᱢᱟᱨᱥᱟᱞ,native-review-required,,,
theme.title,no,Appearance,रूप,ᱨᱩᱯ,native-review-required,,,
theme.toDark,no,Switch to dark theme,गहरी थीम चुनें,ᱧᱩᱛ ᱛᱷᱤᱢ ᱵᱟᱪᱷᱟᱣ ᱢᱮ,native-review-required,,,
theme.toLight,no,Switch to light theme,हल्की थीम चुनें,ᱢᱟᱨᱥᱟᱞ ᱛᱷᱤᱢ ᱵᱟᱪᱷᱟᱣ ᱢᱮ,native-review-required,,,
today.clearance,no,Zone clearance,ज़ोन अनुमति,ᱡᱚᱱ ᱦᱩᱠᱩᱢ,native-review-required,,,
today.clearanceValue,no,{n} of {total} areas,{total} में से {n} क्षेत्र,{total} ᱠᱷᱚᱱ {n} ᱡᱟᱭᱜᱟ,native-review-required,,,
today.daysAgo,no,{days} day(s) ago,{days} दिन पहले,{days} ᱢᱟᱦᱟᱸ ᱞᱟᱦᱟᱨᱮ,native-review-required,,,
today.dueNow,no,Due now,अभी देय,ᱱᱤᱛᱚᱜ ᱵᱟᱠᱤ,native-review-required,,,
today.inDays,no,In {days} day(s),{days} दिन में,{days} ᱢᱟᱦᱟᱸ ᱛᱟᱭᱚᱢ,native-review-required,,,
today.lastAssessment,no,Last assessment,पिछला मूल्यांकन,ᱢᱟᱲᱟᱝ ᱡᱟᱺᱪ,native-review-required,,,
today.nextRefresher,no,Next refresher,अगला रिफ्रेशर,ᱤᱱᱟᱹ ᱛᱟᱭᱚᱢ ᱨᱤᱯᱷᱨᱮᱥᱚᱨ,native-review-required,,,
today.streak,no,Training streak,प्रशिक्षण सिलसिला,ᱴᱨᱮᱱᱤᱝ ᱥᱤᱞᱥᱤᱞᱟ,native-review-required,,,
today.streakValue,no,{n} day(s),{n} दिन,{n} ᱢᱟᱦᱟᱸ,native-review-required,,,
today.title,no,Today's safety,आज की सुरक्षा,ᱛᱮᱦᱮᱧ ᱨᱮᱭᱟᱜ ᱨᱩᱠᱷᱤᱭᱟᱹ,native-review-required,,,
today.today,no,Today,आज,ᱛᱮᱦᱮᱧ,native-review-required,,,
train.ar,no,AR,AR,AR,native-review-required,,,
train.drill.sub,no,"Same decisions, {s} seconds each.","वही फ़ैसले, हर एक के लिए {s} सेकंड।","ᱚᱱᱟ ᱜᱮ ᱵᱟᱪᱷᱟᱣ, ᱡᱚᱛᱚ ᱞᱟᱹᱜᱤᱫ {s} ᱥᱮᱠᱮᱱᱰ᱾",native-review-required,,,
train.drill.title,no,Pressure Drill,दबाव अभ्यास,ᱫᱟᱵᱟᱣ ᱟᱵᱷᱭᱟᱥ,native-review-required,,,
train.modules,no,Modules,मॉड्यूल,ᱢᱳᱰᱭᱩᱞ,native-review-required,,,
train.ppe.sub,no,Make sure you're ready before entering the zone.,ज़ोन में जाने से पहले पक्का करें कि आप तैयार हैं।,ᱡᱚᱱ ᱵᱷᱤᱛᱨᱤ ᱞᱟᱹᱫᱮ ᱞᱟᱦᱟ ᱨᱮ ᱟᱢ ᱛᱮᱭᱟᱨ ᱢᱮᱱᱟᱢᱟ ᱥᱮ ᱵᱟᱝ ᱡᱟᱺᱪ ᱢᱮ᱾,native-review-required,,,
train.ppe.title,no,PPE Check,PPE जाँच,PPE ᱡᱟᱺᱪ,native-review-required,,,
train.practice,no,Practice,अभ्यास,ᱟᱵᱷᱭᱟᱥ,native-review-required,,,
train.replay.sub,no,Understand the decision that changed the outcome.,उस फ़ैसले को समझें जिसने नतीजा बदल दिया।,"ᱡᱟᱦᱟᱸ ᱵᱟᱪᱷᱟᱣ ᱯᱷᱚᱞ ᱵᱚᱫᱚᱞ ᱠᱮᱫᱟ, ᱚᱱᱟ ᱵᱩᱡᱷᱟᱹᱣ ᱢᱮ᱾",native-review-required,,,
train.replay.title,no,Haadsa Replay,हादसा रीप्ले,ᱦᱟᱫᱥᱟ ᱨᱤᱯᱞᱮ,native-review-required,,,
train.steps,no,{n} steps,{n} चरण,{n} ᱫᱷᱟᱯ,native-review-required,,,
train.sub,no,Practise the hazard in AR before you face it on site.,साइट पर सामना करने से पहले AR में खतरे का अभ्यास करें।,ᱠᱟᱹᱢᱤ ᱡᱟᱭᱜᱟ ᱨᱮ ᱵᱤᱯᱚᱫ ᱥᱟᱢᱟᱝ ᱞᱟᱦᱟ ᱨᱮ AR ᱨᱮ ᱚᱱᱟ ᱟᱵᱷᱭᱟᱥ ᱢᱮ᱾,native-review-required,,,
train.title,no,Training,प्रशिक्षण,ᱴᱨᱮᱱᱤᱝ,native-review-required,,,
train.yourTime,no,Your time {time},आपका समय {time},ᱟᱢᱟᱜ ᱚᱠᱛᱚ {time},native-review-required,,,
verify.hint,no,"Paste a certificate code, or load the last certificate from this phone.","प्रमाणपत्र कोड पेस्ट करें, या इस फ़ोन का पिछला प्रमाणपत्र लोड करें।","ᱥᱟᱹᱴᱤᱯᱷᱤᱠᱮᱴ ᱠᱳᱰ ᱯᱮᱥᱴ ᱢᱮ, ᱥᱮ ᱱᱚᱶᱟ ᱯᱷᱚᱱ ᱨᱮᱭᱟᱜ ᱢᱟᱲᱟᱝ ᱥᱟᱹᱴᱤᱯᱷᱤᱠᱮᱴ ᱞᱳᱰ ᱢᱮ᱾",native-review-required,,,
verify.input,no,Certificate code,प्रमाणपत्र कोड,ᱥᱟᱹᱴᱤᱯᱷᱤᱠᱮᱴ ᱠᱳᱰ,native-review-required,,,
verify.invalid,no,INVALID,अमान्य (INVALID),ᱵᱷᱩᱞ (INVALID),native-review-required,,,
verify.noLast,no,No certificate saved on this phone yet.,इस फ़ोन पर अभी कोई प्रमाणपत्र नहीं है।,ᱱᱚᱶᱟ ᱯᱷᱚᱱ ᱨᱮ ᱱᱤᱛᱚᱜ ᱡᱟᱦᱟᱸ ᱥᱟᱹᱴᱤᱯᱷᱤᱠᱮᱴ ᱵᱟᱝ ᱫᱚᱦᱚ ᱟᱠᱟᱱᱟ᱾,native-review-required,,,
verify.offline,no,Checked on this phone. No internet used.,इसी फ़ोन पर जाँचा गया। इंटरनेट का उपयोग नहीं हुआ।,ᱱᱚᱶᱟ ᱯᱷᱚᱱ ᱨᱮᱜᱮ ᱡᱟᱺᱪ ᱮᱱᱟ᱾ ᱤᱱᱴᱚᱨᱱᱮᱴ ᱵᱟᱝ ᱵᱮᱵᱷᱟᱨ ᱮᱱᱟ᱾,native-review-required,,,
verify.ok,no,Signature matches and the certificate is within its validity period.,हस्ताक्षर मेल खाता है और प्रमाणपत्र अपनी वैधता अवधि में है।,ᱥᱩᱦᱤ ᱢᱤᱫ ᱜᱮᱭᱟ ᱟᱨ ᱥᱟᱹᱴᱤᱯᱷᱤᱠᱮᱴ ᱟᱡᱟᱜ ᱢᱟᱱᱚᱛ ᱚᱠᱛᱚ ᱨᱮ ᱢᱮᱱᱟᱜᱼᱟ᱾,native-review-required,,,
verify.reason.content,no,The certificate content is damaged or incomplete.,प्रमाणपत्र की जानकारी खराब या अधूरी है।,ᱥᱟᱹᱴᱤᱯᱷᱤᱠᱮᱴ ᱨᱮᱭᱟᱜ ᱠᱷᱚᱵᱚᱨ ᱵᱟᱹᱲᱤᱡ ᱥᱮ ᱟᱫᱷᱟ ᱜᱮᱭᱟ᱾,native-review-required,,,
verify.reason.empty,no,Enter a certificate code first.,पहले प्रमाणपत्र कोड डालें।,ᱯᱟᱹᱦᱤᱞ ᱥᱟᱹᱴᱤᱯᱷᱤᱠᱮᱴ ᱠᱳᱰ ᱟᱫᱮᱨ ᱢᱮ᱾,native-review-required,,,
verify.reason.expired,no,This certificate expired on {date}.,यह प्रमाणपत्र {date} को समाप्त हो गया।,ᱱᱚᱶᱟ ᱥᱟᱹᱴᱤᱯᱷᱤᱠᱮᱴ {date} ᱢᱟᱦᱟᱸ ᱨᱮ ᱢᱩᱪᱟᱹᱫ ᱮᱱᱟ᱾,native-review-required,,,
verify.reason.malformed,no,This is not a valid SurakshaAR certificate code.,यह SurakshaAR का सही प्रमाणपत्र कोड नहीं है।,ᱱᱚᱶᱟ ᱫᱚ SurakshaAR ᱨᱮᱭᱟᱜ ᱴᱷᱤᱠ ᱥᱟᱹᱴᱤᱯᱷᱤᱠᱮᱴ ᱠᱳᱰ ᱵᱟᱝ ᱠᱟᱱᱟ᱾,native-review-required,,,
verify.reason.signature,no,Signature does not match. The certificate was changed or is not genuine.,हस्ताक्षर मेल नहीं खाता। प्रमाणपत्र बदला गया है या असली नहीं है।,ᱥᱩᱦᱤ ᱵᱟᱝ ᱢᱤᱫ ᱜᱮᱭᱟ᱾ ᱥᱟᱹᱴᱤᱯᱷᱤᱠᱮᱴ ᱵᱚᱫᱚᱞ ᱟᱠᱟᱱᱟ ᱥᱮ ᱥᱟᱹᱨᱤ ᱵᱟᱝ ᱠᱟᱱᱟ᱾,native-review-required,,,
verify.scanNote,no,Camera QR scanning is not in this build. Paste the certificate code instead.,इस संस्करण में कैमरे से QR स्कैन नहीं है। प्रमाणपत्र कोड चिपकाएँ।,ᱱᱚᱶᱟ ᱵᱤᱞᱰ ᱨᱮ ᱠᱮᱢᱮᱨᱟ ᱛᱮ QR ᱥᱠᱮᱱ ᱵᱟᱹᱱᱩᱜᱼᱟ᱾ ᱥᱟᱹᱴᱤᱯᱷᱤᱠᱮᱴ ᱠᱳᱰ ᱯᱮᱥᱴ ᱢᱮ᱾,native-review-required,,,
verify.submit,no,Verify,जाँचें,ᱡᱟᱺᱪ,native-review-required,,,
verify.tamper,no,Change 1 character (demo),1 अक्षर बदलें (डेमो),1 ᱟᱠᱷᱚᱨ ᱵᱚᱫᱚᱞ ᱢᱮ (ᱰᱮᱢᱳ),native-review-required,,,
verify.tampered,no,One character was changed. Now press Verify.,एक अक्षर बदल दिया गया। अब जाँचें दबाएँ।,ᱢᱤᱫᱴᱟᱹᱝ ᱟᱠᱷᱚᱨ ᱵᱚᱫᱚᱞ ᱮᱱᱟ᱾ ᱱᱤᱛᱚᱜ ᱡᱟᱺᱪ ᱚᱛᱟᱭ ᱢᱮ᱾,native-review-required,,,
verify.title,no,Verify Certificate,प्रमाणपत्र जाँचें,ᱥᱟᱹᱴᱤᱯᱷᱤᱠᱮᱴ ᱡᱟᱺᱪ ᱢᱮ,native-review-required,,,
verify.useLast,no,Use Last Certificate,पिछला प्रमाणपत्र लें,ᱢᱟᱲᱟᱝ ᱥᱟᱹᱴᱤᱯᱷᱤᱠᱮᱴ ᱤᱫᱤ ᱢᱮ,native-review-required,,,
verify.valid,no,VALID,मान्य (VALID),ᱴᱷᱤᱠ (VALID),native-review-required,,,
voice.error,no,The voice clip could not be played.,आवाज़ क्लिप नहीं चल सकी।,ᱟᱲᱟᱝ ᱵᱟᱝ ᱪᱟᱞᱟᱣ ᱫᱟᱲᱮᱭᱟᱜ ᱠᱟᱱᱟ᱾,native-review-required,,,
voice.label,no,Santali voice,संताली आवाज़,ᱥᱟᱱᱛᱟᱲᱤ ᱟᱲᱟᱝ,native-review-required,,,
voice.play,no,Listen,सुनें,ᱟᱸᱡᱚᱢ ᱢᱮ,native-review-required,,,
voice.playing,no,Playing Santali voice…,संताली आवाज़ चल रही है…,ᱥᱟᱱᱛᱟᱲᱤ ᱟᱲᱟᱝ ᱪᱟᱞᱟᱜ ᱠᱟᱱᱟ…,native-review-required,,,
voice.replay,no,Play again,फिर से सुनें,ᱫᱚᱦᱲᱟ ᱟᱸᱡᱚᱢ ᱢᱮ,native-review-required,,,
voice.stop,no,Stop,रोकें,ᱛᱤᱝᱜᱩ ᱢᱮ,native-review-required,,,
voice.unavailable,no,Santali voice not recorded yet · text only,संताली आवाज़ अभी रिकॉर्ड नहीं हुई · केवल पाठ,ᱥᱟᱱᱛᱟᱲᱤ ᱟᱲᱟᱝ ᱱᱤᱛᱚᱜ ᱵᱟᱝ ᱨᱮᱠᱚᱨᱰ ᱟᱠᱟᱱᱟ · ᱠᱷᱟᱹᱞᱤ ᱚᱞ,native-review-required,,,
welcome.feature.ar,no,AR hazard practice,AR में खतरे का अभ्यास,AR ᱨᱮ ᱵᱤᱯᱚᱫ ᱟᱵᱷᱭᱟᱥ,native-review-required,,,
welcome.feature.cert,no,Certificate you can verify offline,बिना इंटरनेट जाँचने योग्य प्रमाणपत्र,ᱤᱱᱴᱚᱨᱱᱮᱴ ᱵᱤᱱᱟᱹ ᱡᱟᱺᱪ ᱫᱟᱲᱮᱭᱟᱜ ᱥᱟᱹᱴᱤᱯᱷᱤᱠᱮᱴ,native-review-required,,,
welcome.feature.voice,no,Hindi text and voice,हिन्दी पाठ और आवाज़,ᱥᱟᱱᱛᱟᱲᱤ ᱚᱞ · ᱦᱤᱱᱫᱤ ᱟᱲᱟᱝ,native-review-required,,,
welcome.hero,no,Practise the hazard in AR before you face it on site.,साइट पर सामना करने से पहले AR में खतरे का अभ्यास करें।,ᱠᱟᱹᱢᱤ ᱡᱟᱭᱜᱟ ᱨᱮ ᱵᱤᱯᱚᱫ ᱥᱟᱢᱟᱝ ᱞᱟᱦᱟ ᱨᱮ AR ᱨᱮ ᱚᱱᱟ ᱟᱵᱷᱭᱟᱥ ᱢᱮ᱾,native-review-required,,,
welcome.manage,no,Management portal (prototype),प्रबंधन पोर्टल (प्रोटोटाइप),ᱢᱮᱱᱮᱡᱢᱮᱱᱴ ᱯᱚᱨᱴᱟᱞ (ᱯᱨᱳᱴᱳᱴᱟᱭᱤᱯ),native-review-required,,,
welcome.offline,no,Works offline · Hindi · Santali · English,बिना इंटरनेट चलता है · हिन्दी · संताली · English,ᱤᱱᱴᱚᱨᱱᱮᱴ ᱵᱤᱱᱟᱹ ᱪᱟᱞᱟᱜᱼᱟ · ᱦᱤᱱᱫᱤ · ᱥᱟᱱᱛᱟᱲᱤ · English,native-review-required,,,
welcome.purpose,no,Practise fire and gas safety in short steps and earn a certificate that can be checked without internet.,छोटे-छोटे चरणों में आग और गैस सुरक्षा का अभ्यास करें और ऐसा प्रमाणपत्र पाएँ जिसे बिना इंटरनेट जाँचा जा सके।,"ᱦᱩᱰᱤᱧ ᱦᱩᱰᱤᱧ ᱫᱷᱟᱯ ᱛᱮ ᱥᱮᱸᱜᱮᱞ ᱟᱨ ᱜᱮᱥ ᱨᱩᱠᱷᱤᱭᱟᱹ ᱪᱮᱫ ᱢᱮ, ᱟᱨ ᱤᱱᱴᱚᱨᱱᱮᱴ ᱵᱤᱱᱟᱹ ᱡᱟᱺᱪ ᱫᱟᱲᱮᱭᱟᱜ ᱥᱟᱹᱴᱤᱯᱷᱤᱠᱮᱴ ᱧᱟᱢ ᱢᱮ᱾",native-review-required,,,
welcome.start,no,Start Training,प्रशिक्षण शुरू करें,ᱴᱨᱮᱱᱤᱝ ᱮᱦᱚᱵ ᱢᱮ,native-review-required,,,
